Temperature,Strain,Culture,YEPD Colonies,5-FOA-Resistant Colonies
30 °C,1649 WT CEN,1,120,60
30 °C,1649 WT CEN,2,120,42
30 °C,1649 WT CEN,3,120,65
30 °C,1649 WT CEN,4,120,39
30 °C,1649 WT CEN,5,120,48
30 °C,1649 WT CEN,6,120,59
30 °C,1649 WT CEN,7,120,45
30 °C,1649 WT CEN,8,120,54
30 °C,1649 WT CEN,9,120,39
30 °C,1649 WT CEN,10,120,22
30 °C,1649 WT CEN,11,120,38
30 °C,1649 WT CEN,12,120,41
30 °C,1649 WT CEN,13,120,43
30 °C,1649 WT CEN,14,120,53
30 °C,1649 WT CEN,15,120,44
30 °C,1647 CDEII-del,1,112,294
30 °C,1647 CDEII-del,2,112,311
30 °C,1647 CDEII-del,3,112,257
30 °C,1647 CDEII-del,4,112,264
30 °C,1647 CDEII-del,5,112,389
30 °C,1647 CDEII-del,6,112,399
30 °C,1647 CDEII-del,7,112,381
30 °C,1647 CDEII-del,8,112,423
30 °C,1647 CDEII-del,9,112,212
30 °C,1647 CDEII-del,10,112,342
30 °C,1647 CDEII-del,11,112,204
30 °C,1647 CDEII-del,12,112,157
30 °C,1647 CDEII-del,13,112,206
30 °C,1647 CDEII-del,14,112,260
30 °C,1647 CDEII-del,15,112,376
30 °C,1648 CDEI&II-del,1,83,2156
30 °C,1648 CDEI&II-del,2,83,1967
30 °C,1648 CDEI&II-del,3,83,2678
30 °C,1648 CDEI&II-del,4,83,3021
30 °C,1648 CDEI&II-del,5,83,1999
30 °C,1648 CDEI&II-del,6,83,1568
30 °C,1648 CDEI&II-del,7,83,999
30 °C,1648 CDEI&II-del,8,83,2567
30 °C,1648 CDEI&II-del,9,83,2853
30 °C,1648 CDEI&II-del,10,83,3402
30 °C,1648 CDEI&II-del,11,83,3653
30 °C,1648 CDEI&II-del,12,83,3683
30 °C,1648 CDEI&II-del,13,83,2011
30 °C,1648 CDEI&II-del,14,83,2431
30 °C,1648 CDEI&II-del,15,83,3012
39 °C,1649 WT CEN,1,35,324
39 °C,1649 WT CEN,2,35,525
39 °C,1649 WT CEN,3,35,138
39 °C,1647 CDEII-del,1,14,461
39 °C,1647 CDEII-del,2,14,294
39 °C,1647 CDEII-del,3,14,624
39 °C,1648 CDEI&II-del,1,11,2100
39 °C,1648 CDEI&II-del,2,11,3087
39 °C,1648 CDEI&II-del,3,11,2876
