pam_start,strand,protospacer,pam,cut_mid,dist_nearest_element,nearest_element,doench2014,max_cfd_fwd,worst_fwd,max_cfd_both,worst_both,n_putative_hits_both,ok_hdr,ok_on,ok_off,usable
113449,-,TCAGTTCTATCTTTCTTTTT,TGG,113454.5,930,CDEI,0.056552115803817096,0.25335338334144364,CCAATAATATCCTTCTATTT,0.3788178578191533,TTAGTTTAAACCCTCTTTTT,1959,False,False,False,False
113500,+,AATTGTGTGACAAGAAAGAA,CGG,113496.5,888,CDEI,0.6423990330219704,0.3151515151545455,ATTGGAAAGACAAGAAAGAA,0.3151515151545455,ATTGGAAAGACAAGAAAGAA,1930,False,True,False,False
113512,+,AGAAAGAACGGATGACACAG,TGG,113508.5,876,CDEI,0.45510539280558404,0.4520089282952009,AGAAAAAAATGAAGAAACAA,0.568749999796875,AGAAAGAACAGATGGAACAA,3360,False,False,False,False
113560,-,TGTCTTCGCATAAAATCCAG,GGG,113565.5,819,CDEI,0.6783269103288561,0.2556920356325485,GGTCTACTTTAAAAAACCAA,0.2685097704302711,CATTTTCCCTTAAAAACCAA,3285,False,True,False,False
113561,-,GTGTCTTCGCATAAAATCCA,GGG,113566.5,818,CDEI,0.593225799540669,0.13642105245153732,ACATCATCGCACAAAAAACA,0.24211764705034275,TGATCATTCTATAAAATCCA,718,False,True,False,False
113562,-,AGTGTCTTCGCATAAAATCC,AGG,113567.5,817,CDEI,0.0603567722945459,0.20671874992970557,GCTACTATTACATAAAATCA,0.20671874992970557,GCTACTATTACATAAAATCA,728,False,False,False,False
113564,+,ATAATAATATTATGCTCCCC,TGG,113560.5,824,CDEI,0.1454940280395304,0.10106951871489307,GGTGTAATTTTATGCACCCA,0.34710743764462815,AGATTGATATTATGCACCCC,328,False,False,False,False
113614,+,ATTTCTGATATATGCAGAGA,AGG,113610.5,774,CDEI,0.01974482923347278,0.19340659297842505,TCTTCTAGCATGAGCAAAAA,0.2280542986104977,GTTTCTAACTTATACAAATT,1355,False,False,False,False
113627,-,TTATCTCGGTTCCTTAAAAC,TGG,113632.5,752,CDEI,0.09065032489799081,0.15163682853723703,GATTCATGGTTCTTTAAATC,0.16887137601204036,TTTTTCCAGTTACTAAAAAC,251,False,False,True,False
113636,+,GAGCAAATAAGCCAGTTTTA,AGG,113632.5,752,CDEI,0.10513324541762507,0.19952802593250715,AAGAAGAAAAATCAAATTTA,0.19952802593250715,AAGAAGAAAAATCAAATTTA,1634,False,False,True,False
113641,-,TGGGCGAAAACAGCTTATCT,CGG,113646.5,738,CDEI,0.03875970159040974,0.10334928244429256,TGGATAAAAACACCTTACCT,0.20868605055855222,ATGACCAAAACAACATATCT,284,False,False,False,False
113660,-,TTTTGTAGAACTAGAACAAT,GGG,113665.5,719,CDEI,0.18634956668741595,0.1946539484875222,CTATATAGAACTGGAACAAA,0.26470588230000003,TTTTGTATTTCAAGAACAAT,962,False,False,False,False
113661,-,ATTTTGTAGAACTAGAACAA,TGG,113666.5,718,CDEI,0.14247742122691565,0.2847058821665882,TTTTGACGGTACTAGAACAA,0.2847058821665882,TTTTGACGGTACTAGAACAA,1214,False,False,False,False
113690,+,TAGTTCTACAAAATATCTAC,AGG,113686.5,698,CDEI,0.04911306713974333,0.1748251745879121,AAAACCTACAAAATAACTTC,0.2426470587455882,CAATTCTGTTAAATATCAAC,796,False,False,False,False
113691,+,AGTTCTACAAAATATCTACA,GGG,113687.5,697,CDEI,0.7361744780010651,0.14876033062739083,AGCTTCACAAAATATATACT,0.19117647054705886,TGTACAATATAATATATACT,717,False,True,True,False
113702,+,ATATCTACAGGGAATCGATG,AGG,113698.5,686,CDEI,0.6207211427623661,0.26095588247505513,TTATGAGTATAGAATCGATG,0.32477294649028077,ATATCTATAAGAGATCAATT,2204,False,True,False,False
113716,-,TGCACTATCATAGAGTATTC,AGG,113721.5,663,CDEI,0.06594163887823783,0.6204338299928764,GACACTACCTTAAAATATTC,0.6204338299928764,GACACTACCTTAAAATATTC,1409,False,False,False,False
113762,-,AAGGAAATCGTCCATGATAC,GGG,113767.5,617,CDEI,0.09949721531488329,0.20961202968273254,CGGAAAAGAATCCAAAATAC,0.20961202968273254,CGGAAAAGAATCCAAAATAC,841,False,False,False,False
113763,-,CAAGGAAATCGTCCATGATA,CGG,113768.5,616,CDEI,0.0115437037612134,0.28346020773358693,TGTGCAAATTAACCAAAATA,0.4704654198600049,TTAGAAAATAGCCCAAGATA,2354,False,False,False,False
113771,+,GTTGAAAGAATCCCGTATCA,TGG,113767.5,617,CDEI,0.10135043028144748,0.15302989965483446,TTTGAAAAATTTTTACATCA,0.27681660904718464,TTTGAAAAATACCTAAAACA,856,False,False,False,False
113781,-,CGTCTTTGCTCAAATGTTCA,AGG,113786.5,598,CDEI,0.05844287441029904,0.4448529408902715,TATCTTCGCTCAAATATTCG,0.4448529408902715,TATCTTCGCTCAAATATTCG,2035,False,False,False,False
113815,+,GCAAAGACGATAACAAAGCA,TGG,113811.5,573,CDEI,0.7065342060503834,0.2932126693316988,TTAAGAACGTTAATAAAACA,0.2932126693316988,TTAAGAACGTTAATAAAACA,555,False,True,False,False
113820,+,GACGATAACAAAGCATGGTA,TGG,113816.5,568,CDEI,0.04153463300014821,0.2016969694814082,GTCGAAAGAAAAGCAAAGTT,0.2543894304603067,AAAAATGAAAAAACAAAGTG,1720,False,False,False,False
113825,+,TAACAAAGCATGGTATGGCG,CGG,113821.5,563,CDEI,0.7149611645129312,0.3213913040606609,GAACGTAACATGGTATAGCT,0.3401378031212336,AGACAAAATTAGATAAAGCA,4615,False,True,False,False
113834,-,ATCTAATTTTGCAGCTCTCT,CGG,113839.5,545,CDEI,0.013181494023541847,0.23333333347666674,ATTTAATATTACAGCATTCT,0.23333333347666674,ATTTAATATTACAGCATTCT,822,False,False,False,False
113896,+,TTACAGATAGTGTACTAAAA,AGG,113892.5,492,CDEI,0.4398429942158575,0.2791029745654627,GAACGAAAATTACACTAAAA,0.2943143812949833,GAACAAATAGCGTACAAAAT,2192,False,False,False,False
113925,-,CACTATTCTCTATTAGGTCT,AGG,113930.5,454,CDEI,0.052023555893333705,0.19294990716359514,ATCAATTCAATAATAAGTCT,0.2586385354073466,AAATAACCTTTGCTAAATCT,2270,False,False,False,False
113931,-,TGTTTCCACTATTCTCTATT,AGG,113936.5,448,CDEI,0.08929612545943774,0.3979591837908164,AGTTTTCACAATTCTATTTT,0.4012755100670493,AATTTTTAATATTTTATATT,1479,False,False,False,False
113946,+,CTAGACCTAATAGAGAATAG,TGG,113942.5,442,CDEI,0.5585895283910418,0.3482142855491072,CCAGACACAAAGGAGAATAG,0.3686974791788997,TTAAATCCAAAGAAAAATAA,3992,False,True,False,False
113958,+,GAGAATAGTGGAAACAACAA,TGG,113954.5,430,CDEI,0.4809916079061082,0.2247298919106843,TAGAAGGAAGGAAACAACAT,0.4841482046880254,TAAAACAAAGGAAACAACAG,924,False,False,False,False
114012,-,AAGACACAGCCTATATCTGT,TGG,114017.5,367,CDEI,0.14145598622129468,0.09719891252206547,CCGGGATAGCACATATCAGT,0.16586921838520086,GAGATACGGACCATAACAAT,699,False,False,True,False
114023,+,CTTGACAAACCAACAGATAT,AGG,114019.5,365,CDEI,0.13172658164115716,0.3788265305666798,AAAAAAAAACAAACAGATAT,0.3788265305666798,AAAAAAAAACAAACAGATAT,812,False,False,False,False
114043,-,AAGTTCATCAAGGTATTGGA,TGG,114048.5,336,CDEI,0.3345558324566428,0.3553846153573077,TCATCCAATAAAATATTGGA,0.4352678574585025,GCATTTATTAAGGTAATGGA,5686,False,False,False,False
114047,-,TGAAAAGTTCATCAAGGTAT,TGG,114052.5,332,CDEI,0.141450425291545,0.39555852834119065,GGAAAAGACCAATAAAGTAT,0.39555852834119065,GGAAAAGACCAATAAAGTAT,3543,False,False,False,False
114053,-,CATCTTTGAAAAGTTCATCA,AGG,114058.5,326,CDEI,0.12997331312714594,0.21098901106813187,AATTTTTCAAAAGTTAATAA,0.3948992181686548,CTTCTTGGAAAAATTCATCA,1907,False,False,False,False
114150,+,CACTTGTCAAACAGAATATA,AGG,114146.5,238,CDEI,0.028351578090010383,0.24207410231732243,AAATTCTCAAAAAAAATATG,0.24207410231732243,AAATTCTCAAAAAAAATATG,1107,False,False,False,False
114183,-,AAACTATTGTGTAATAGAAG,TGG,114188.5,196,CDEI,0.19762624225152667,0.32812499982812504,GAACCAACGAAGAATAAAAA,0.42631578954473687,AAACTAAAATACAATAGAAG,4206,False,False,False,False
114260,-,TAAGCGGAAGGGGAAGGGTT,CGG,114265.5,119,CDEI,0.11184135275312951,0.35804195748145184,TTAGAAGAAGAGAAAAAGTT,0.545571658246699,GAGGCAGAAGAGGAAGAGTT,3555,False,False,False,False
114265,-,TACTATAAGCGGAAGGGGAA,GGG,114270.5,114,CDEI,0.217544223306765,0.4758169936852942,TACGAAAAGCAGAAAAAGAA,0.4758169936852942,TACGAAAAGCAGAAAAAGAA,5218,False,False,False,False
114266,-,GTACTATAAGCGGAAGGGGA,AGG,114271.5,113,CDEI,0.19250134014147607,0.3069448765043995,GAAATATAAAAAAAAAGGAA,0.3069448765043995,GAAATATAAAAAAAAAGGAA,7154,False,False,False,False
114270,-,TACTGTACTATAAGCGGAAG,GGG,114275.5,109,CDEI,0.17699445992362375,0.2651785714892219,AACTCTAGTAAAAACAAAAG,0.36660260698289193,AAATGCACTTAAAACAGAAA,1908,False,False,False,False
114271,-,GTACTGTACTATAAGCGGAA,GGG,114276.5,108,CDEI,0.46595779750409927,0.3941696515618198,GAAATATAAAAAAAAAGGAA,0.3941696515618198,GAAATATAAAAAAAAAGGAA,8036,False,False,False,False
114272,-,GGTACTGTACTATAAGCGGA,AGG,114277.5,107,CDEI,0.5833463011107958,0.3568627451882353,TGTACTATACTATAAGAGGG,0.3568627451882353,TGTACTATACTATAAGAGGG,2782,False,True,False,False
114276,-,TATAGGTACTGTACTATAAG,CGG,114281.5,103,CDEI,0.49340187304175664,0.24115114784080038,AAAGCGTGCTGTACTATAAA,0.3095238094608947,TAAAACTACTGTATTATAAG,1978,False,False,False,False
114293,-,GCCATGTTTATGAAATGTAT,AGG,114298.5,86,CDEI,0.14281790970189953,0.568115941585314,TCCATATTTATAGAATATAT,0.568115941585314,TCCATATTTATAGAATATAT,6443,False,False,False,False
114312,+,ACCTATACATTTCATAAACA,TGG,114308.5,76,CDEI,0.14337748887034785,0.15179124265970811,TCATAGGCATATCAAAAACA,0.2678137654351215,TCCTATATATTCTATAAATA,584,False,False,False,False
114317,+,TACATTTCATAAACATGGCA,TGG,114313.5,71,CDEI,0.13587060045743307,0.29673913017529646,GACTCTAAAAAAACATGGCA,0.29673913017529646,GACTCTAAAAAAACATGGCA,2124,False,False,False,False
114329,-,TGTGGATTTTCCATATTGTT,TGG,114334.5,50,CDEI,0.0704954109155501,0.2943143811232313,AATGAATGCTCCGTAATGTT,0.2943143811232313,AATGAATGCTCCGTAATGTT,1767,False,False,False,False
114339,+,GCGATCAGCGCCAAACAATA,TGG,114335.5,49,CDEI,0.30600752167757383,0.27613636343254877,ACATCCAAAGACAAAAAATA,0.27613636343254877,ACATCCAAAGACAAAAAATA,1229,False,False,False,False
114347,-,TTTCAATGAATAGCTTTCTG,TGG,114352.5,32,CDEI,0.16936272931939553,0.33101851813379635,ATACAAAAAATGGTTTTCTG,0.33101851813379635,ATACAAAAAATGGTTTTCTG,2485,False,False,False,False
114489,-,ACTATTTCTTTTTTAACTTT,CGG,114494.5,0,CDEIII,0.11732293583517675,0.2585227272443182,GCGTTTTTATTTTTAACTTT,0.5864661655278197,ACTATTTCATTACTAACTTT,1946,True,False,False,False
114534,+,GAAATATATATTTCATTGAA,TGG,114530.5,29,CDEIII,0.040772679456233106,0.310365108582383,GAAATTTACATCCCAATAAA,0.31927244594717485,GCAATAAATTTTCCACTGAA,6420,False,False,False,False
114554,+,TGGATATATGAAACGTTTAC,TGG,114550.5,49,CDEIII,0.05372126104120659,0.21662404094656326,GAGATATATTAAAAATTTAC,0.23790849657372243,TTGATAAAGGAAATATTTAC,1084,False,False,False,False
114557,+,ATATATGAAACGTTTACTGG,TGG,114553.5,52,CDEIII,0.4401050964316117,0.20624999986063414,AAATAAAAAAAAAATACTGA,0.20624999986063414,AAATAAAAAAAAAATACTGA,1146,False,False,False,False
114608,+,AGAAGTAATAAAGAAAAAGT,TGG,114604.5,103,CDEIII,0.16642389332469665,0.4586005834853743,CAAACAAAAAAAGAAAAAGT,0.61224489794584,AGAAGTAAAAAAAAAAAAAT,2153,False,False,False,False
114632,+,AAAGCAACTTAACAGTAAAA,AGG,114628.5,127,CDEIII,0.156577781767708,0.23607988651163161,AGAGAAAAATAACAAAAAAA,0.23607988651163161,AGAGAAAAATAACAAAAAAA,1876,False,False,False,False
114677,+,ACATCTAAGCTATATGTTGA,TGG,114673.5,172,CDEIII,0.07734969221644067,0.17024991831387107,GCATCCAAGATATATGCCAA,0.18820270446943507,ACATCTAACCTACAAATTGG,1562,False,False,True,False
114678,+,CATCTAAGCTATATGTTGAT,GGG,114674.5,173,CDEIII,0.19893336563223166,0.3199815393625312,GAAACAAGGTATATATTGAT,0.3199815393625312,GAAACAAGGTATATATTGAT,3522,False,False,False,False
114693,-,AGTATAGGCATGAGTACTAA,TGG,114698.5,197,CDEIII,0.160723137668433,0.28257456778919043,ACAACTGAAATAAGTACTAA,0.28257456778919043,ACAACTGAAATAAGTACTAA,1552,False,False,False,False
114708,-,AAGGACGAACAGAAAAGTAT,AGG,114713.5,212,CDEIII,0.16459447144980835,0.36771428579681636,CCAAACAAAAAAAAAAGTAT,0.450666667112381,AAGAATGAAAAGAAAAAAAT,2264,False,False,False,False
114727,-,GCTCTAAATCGCGGACATTA,AGG,114732.5,231,CDEIII,0.1100667607726716,0.33526137729183086,GATTCAAAATGAAGAAATTA,0.33526137729183086,GATTCAAAATGAAGAAATTA,1790,False,False,False,False
114736,-,TCAATGATTGCTCTAAATCG,CGG,114741.5,240,CDEIII,0.2459828565013543,0.2425837321662976,TTAACTAAAACCCTGAATCA,0.3351795265051089,ATTACAATAGAACTAAATCA,1176,False,False,False,False
114779,-,CTACGTCAACGAGTCCTCTC,TGG,114784.5,283,CDEIII,0.10751757970250643,0.15321428589857142,CAACATTCTCAAGTCATCTC,0.2510566356612426,CAACGTCAACAAATCATTTA,541,False,False,False,False
114785,+,TAGATACATTTTAGCCAGAG,AGG,114781.5,280,CDEIII,0.0648743150031086,0.22587375005008573,TAGATGTACATCAACCAAAG,0.3268571428594287,TGGATAAGATTAAGCAAGAG,1590,False,False,False,False
114823,-,TTTGGGGTATATGAATGGGG,CGG,114828.5,327,CDEIII,0.7279313856202496,0.4200000001865385,ATTAAAACGTATAAATAGGA,0.5921052631858669,AATGAAACATACGAAAGGGA,14973,False,True,False,False
114826,-,TTATTTGGGGTATATGAATG,GGG,114831.5,330,CDEIII,0.08643574319702314,0.502173912975,GGATTTATGGTATATGAATG,0.502173912975,GGATTTATGGTATATGAATG,2128,False,False,False,False
114827,-,GTTATTTGGGGTATATGAAT,GGG,114832.5,331,CDEIII,0.028577678979354947,0.3339517624304268,TTAACCTGAGAAATATGAAT,0.3339517624304268,TTAACCTGAGAAATATGAAT,4075,False,False,False,False
114828,-,TGTTATTTGGGGTATATGAA,TGG,114833.5,332,CDEIII,0.06467068610052851,0.3708791207952049,CATTACATAGAGTATATGAA,0.3708791207952049,CATTACATAGAGTATATGAA,2271,False,False,False,False
114839,-,TTTAATATGTTTGTTATTTG,GGG,114844.5,343,CDEIII,0.09399089583324693,0.24735685348187855,AGAAATAGATTCATTATTTG,0.33395176276808913,ATTAACATGATTGTTATCTG,1787,False,False,False,False
114840,-,TTTTAATATGTTTGTTATTT,GGG,114845.5,344,CDEIII,0.0021728403410490376,0.36830357121428575,TATTATTATTATTGTTATTT,0.36830357121428575,TATTATTATTATTGTTATTT,2308,False,False,False,False
114841,-,GTTTTAATATGTTTGTTATT,TGG,114846.5,345,CDEIII,0.03529243360198165,0.23601398579108399,GGTGCTATATATATGATATT,0.2952836635406699,TTATCAAATTGCTTGATATT,2898,False,False,False,False
114883,+,CTTCATAATTATTCAAAATG,TGG,114879.5,378,CDEIII,0.04868158919510144,0.263355342543705,TTTCATGTATATTCAAAATA,0.3480128892489672,TCTAATAAATAAACAAAATA,1314,False,False,False,False
114906,-,ACTGAAGAAATCAATTTTGA,AGG,114911.5,410,CDEIII,0.07056952185175294,0.3819709701298702,TTTGAAGAATCCAATTTTAA,0.3819709701298702,TTTGAAGAATCCAATTTTAA,3168,False,False,False,False
114931,-,ATGACAAGTGGATCCCGGGT,GGG,114936.5,435,CDEIII,0.1901152063305219,0.23431952613501264,TTGACAAGTAAAATCAGAAT,0.23431952613501264,TTGACAAGTAAAATCAGAAT,1432,False,False,False,False
114932,-,CATGACAAGTGGATCCCGGG,TGG,114937.5,436,CDEIII,0.40577899942553136,0.2956268219980342,AATAAAAAGAAAAACACGAG,0.2956268219980342,AATAAAAAGAAAAACACGAG,784,False,False,False,False
114935,-,CCGCATGACAAGTGGATCCC,GGG,114940.5,439,CDEIII,0.052063029148946005,0.1659744246226876,AGACAAGAAAGATAAATCCC,0.1659744246226876,AGACAAGAAAGATAAATCCC,696,False,False,True,False
114936,-,ACCGCATGACAAGTGGATCC,CGG,114941.5,440,CDEIII,0.033007614940305144,0.20563519540154884,GCCGCATTATGAAAAGATCC,0.22722689097136697,GTAACACAAAAAAAAAATCC,782,False,False,False,False
114937,+,GATTTCTTCAGTTTCCCACC,CGG,114933.5,432,CDEIII,0.5346090830744532,0.2571428572880691,TATTTTTTAAATATCAAACC,0.4333333338428572,GATTTTTCCAATTTCATACC,913,False,True,False,False
114938,+,ATTTCTTCAGTTTCCCACCC,GGG,114934.5,433,CDEIII,0.2699794380642911,0.20278361363792016,ATTCCTTGTTTTTCCCACCC,0.3687894735062221,TTTTCATTAAACTTCAACCC,740,False,False,False,False
114943,-,GATTCTCACCGCATGACAAG,TGG,114948.5,447,CDEIII,0.45102106383161716,0.17024991817554297,GATTCCCAAAGAATAACGAA,0.19389204550973016,GATTCCAATAACATGACAGG,958,False,False,True,False
114955,+,CCCGGGATCCACTTGTCATG,CGG,114951.5,450,CDEIII,0.5532629650011391,0.38366782054442894,TCCACAACTTACTTATCATT,0.38366782054442894,TCCACAACTTACTTATCATT,2493,False,True,False,False
114982,-,ATAATGTGGGTGATGAAACA,CGG,114987.5,486,CDEIII,0.4364382085252046,0.34197756057300477,TCATTATAGATAATAAAACG,0.34197756057300477,TCATTATAGATAATAAAACG,1778,False,False,False,False
114995,-,GTAGGTTTGTACTATAATGT,GGG,115000.5,499,CDEIII,0.5583050050807749,0.18857142826099998,ATAGGTAGTAACTATAATAT,0.23571428566780225,TAAGATTAGTACTATAATAA,1034,False,True,False,False
114996,-,AGTAGGTTTGTACTATAATG,TGG,115001.5,500,CDEIII,0.1639789398918055,0.20774147707092128,TGATGGTTTGAACTGTAATA,0.26190476175,AGAACATGTGTACTAAAATT,2210,False,False,False,False
115013,-,ATGATAATGGTTACACCAGT,AGG,115018.5,517,CDEIII,0.279885511323172,0.24493927090012851,GAGGCGACGATCATAACAGT,0.24493927090012851,GAGGCGACGATCATAACAGT,1650,False,False,False,False
115018,+,ACATTATAGTACAAACCTAC,TGG,115014.5,513,CDEIII,0.25228184382451563,0.17219387749170922,TCATCAAAAAAAAAAACTAA,0.3437738729851032,TTTTTAAAGAAAAAAACTAC,486,False,False,False,False
115026,-,ACAAGTCATGAATATGATAA,TGG,115031.5,530,CDEIII,0.3441850098104445,0.2909885597991447,ATTAAACATGAACATAATAG,0.2909885597991447,ATTAAACATGAACATAATAG,2802,False,False,False,False
115075,+,AAATCTTTCACGATAAATTG,AGG,115071.5,570,CDEIII,0.11753233922074195,0.23214285695089282,GAATCGACCAAGAAAAATTG,0.23214285695089282,GAATCGACCAAGAAAAATTG,1200,False,False,False,False
115136,+,TAAAGTCTGTGCATAAAAAG,AGG,115132.5,631,CDEIII,0.3354966986586082,0.2419284236727536,GCAAGAAAGTACAAAAAAAG,0.34730983314226355,AAAAACCAAAACATAAAAAG,2022,False,False,False,False
115141,+,TCTGTGCATAAAAAGAGGAT,CGG,115137.5,636,CDEIII,0.3146190075613395,0.2579729531576397,GGTATCCGCAAAAAGAAGAT,0.464782276674904,CTTATATAAAAAAAAAAGAT,2237,False,False,False,False
115142,+,CTGTGCATAAAAAGAGGATC,GGG,115138.5,637,CDEIII,0.11081963405357023,0.36518607470834347,ACGTATGTAAAAAAAAGATC,0.36518607470834347,ACGTATGTAAAAAAAAGATC,1054,False,False,False,False
115218,+,CAATCAATTTTTTTATCTAC,AGG,115214.5,713,CDEIII,0.017255738334414048,0.17109663764530159,GAATCTAAATTCATATCTTC,0.2788002420337507,CCTTCAACAATACTATCTAC,2111,False,False,False,False
115221,-,TTCCATTATTTCAGGTACTC,TGG,115226.5,725,CDEIII,0.017527328959130353,0.2167578946449158,ATCAGAAGTATCAAGTACTC,0.22154731464472108,GTCCATAATGACAAATACTC,1357,False,False,False,False
115229,-,GAATCTAATTCCATTATTTC,AGG,115234.5,733,CDEIII,0.022692137135996514,0.09441776713840339,TGACCTAGATAAATTATTTA,0.3559070689034288,GATCCCAATACCATTATTTC,254,False,False,False,False
115239,+,GGCCAGAGTACCTGAAATAA,TGG,115235.5,734,CDEIII,0.09229601764689993,0.2626530612939184,AAATAAAGAAAATGAAATAA,0.2780284042038429,TGAAAAACGACCTGAAATAA,2161,False,False,False,False
115256,+,TAATGGAATTAGATTCAAAA,AGG,115252.5,751,CDEIII,0.08282404478724903,0.3069556239473665,AAATAAAATAAAATAAAAAG,0.46830409323953215,AAATAAAATTAAATAAAAAA,1864,False,False,False,False
115269,+,TTCAAAAAGGATAGCTTAAT,CGG,115265.5,764,CDEIII,0.08475467167313795,0.2966131906545931,TTAAAAAATGATAGCACAAT,0.2966131906545931,TTAAAAAATGATAGCACAAT,629,False,False,False,False
115294,-,TGCACGTTATGTTTCGTTCT,GGG,115299.5,798,CDEIII,0.02000004602302017,0.5167464110731375,ATCACGTCAAACTTCATTCT,0.5167464110731375,ATCACGTCAAACTTCATTCT,1259,False,False,False,False
115295,-,ATGCACGTTATGTTTCGTTC,TGG,115300.5,799,CDEIII,0.037511460841496855,0.30877192987270236,GAGTAAATTATACTTAGATC,0.30877192987270236,GAGTAAATTATACTTAGATC,2463,False,False,False,False
115348,+,TGTCACAACATTGTATATAA,TGG,115344.5,843,CDEIII,0.12470627102156145,0.27908865161807483,CCTAACAAATTAATATATAA,0.4503696214686452,TATTATAAATTCGTATATAA,3489,False,False,False,False
115369,+,GGTAGCATCGTACTAACTAT,TGG,115365.5,864,CDEIII,0.4332797334106824,0.19012499999384827,ACTAAAATTAAACAAACTAT,0.19012499999384827,ACTAAAATTAAACAAACTAT,593,False,False,True,False
115429,-,ATCATCACCTTCCTACATGC,TGG,115434.5,933,CDEIII,0.0879633632545589,0.262184874179832,ACCACTGCCTTCTTACAAGC,0.262184874179832,ACCACTGCCTTCTTACAAGC,1406,False,False,False,False
115438,+,AGTCTTGAAGACCAGCATGT,AGG,115434.5,933,CDEIII,0.4892984370558286,0.19241982519529047,CATCTAGAAGAACAGCACGT,0.1929824559580514,TGGATTCAAAAACAGAATGT,1620,False,False,True,False
115442,+,TTGAAGACCAGCATGTAGGA,AGG,115438.5,937,CDEIII,0.1716057064650811,0.24401064759021004,GCGAAAATCAAAATGCAGAA,0.3344194817964328,TTGAAAACATGCAAGTAGAA,3744,False,False,False,False
