sample,sample_role,regime,day,phase,batch,wt_batch,batch_relation_to_wt,chromosome,contig,length_bp,raw_mean_depth,wt_raw_mean_depth,coverage_pct,included_in_chr3_baseline,baseline_length_weight,contribution_to_baseline_mean_depth,depth_over_chr3_baseline,wt_referenced_whole_chromosome_depth_ratio
1635,WT_founder,founder,0,B,run3,run3,same_batch,chrI,ref|NC_001133|,230218,136.4,136.4,89.5951,True,0.021563000484520766,2.9411932660886326,1.1282742393003724,1.0
1635,WT_founder,founder,0,B,run3,run3,same_batch,chrII,ref|NC_001134|,813184,119.896,119.896,96.83,True,0.07616557778281687,9.13194811384861,0.9917563650671366,1.0
1635,WT_founder,founder,0,B,run3,run3,same_batch,chrIII,ref|NC_001135|,316620,128.729,128.729,94.6226,False,0.0,0.0,1.0648212210476367,1.0
1635,WT_founder,founder,0,B,run3,run3,same_batch,chrIV,ref|NC_001136|,1531933,117.029,117.029,94.4902,True,0.1434860524426993,16.792029231316654,0.9680410993481178,1.0
1635,WT_founder,founder,0,B,run3,run3,same_batch,chrV,ref|NC_001137|,576874,126.853,126.853,95.9918,True,0.054031979869112894,6.854118742336578,1.0493033143546195,1.0
1635,WT_founder,founder,0,B,run3,run3,same_batch,chrVI,ref|NC_001138|,270161,140.308,140.308,95.5031,True,0.025304197647006813,3.5503813634562316,1.1606004543090662,1.0
1635,WT_founder,founder,0,B,run3,run3,same_batch,chrVII,ref|NC_001139|,1090940,120.902,120.902,96.4224,True,0.10218114894831457,12.353905270149127,1.0000778011722404,1.0
1635,WT_founder,founder,0,B,run3,run3,same_batch,chrVIII,ref|NC_001140|,562643,116.065,116.065,93.3883,True,0.05269905603216176,6.116515938372855,0.9600670790644993,1.0
1635,WT_founder,founder,0,B,run3,run3,same_batch,chrIX,ref|NC_001141|,439888,124.855,124.855,94.7682,True,0.041201405438040774,5.144201475966581,1.0327762474182403,1.0
1635,WT_founder,founder,0,B,run3,run3,same_batch,chrX,ref|NC_001142|,745751,116.264,116.264,93.4871,True,0.06984957377065149,8.120990844871024,0.9617131683139184,1.0
1635,WT_founder,founder,0,B,run3,run3,same_batch,chrXI,ref|NC_001143|,666816,124.697,124.697,99.5565,True,0.062456253338514796,7.7881074225527795,1.0314693021850332,1.0
1635,WT_founder,founder,0,B,run3,run3,same_batch,chrXII,ref|NC_001144|,1078177,163.085,163.085,91.8145,False,0.0,0.0,1.3490073630227362,1.0
1635,WT_founder,founder,0,B,run3,run3,same_batch,chrXIII,ref|NC_001145|,924431,121.736,121.736,96.6126,True,0.0865853499765701,10.540554164747737,1.0069764867703088,1.0
1635,WT_founder,founder,0,B,run3,run3,same_batch,chrXIV,ref|NC_001146|,784333,119.557,119.557,96.1444,True,0.07346329504654556,8.783051165879847,0.9889522230794326,1.0
1635,WT_founder,founder,0,B,run3,run3,same_batch,chrXV,ref|NC_001147|,1091291,120.292,120.292,96.3848,True,0.10221402480150618,12.295529471422782,0.995031999955428,1.0
1635,WT_founder,founder,0,B,run3,run3,same_batch,chrXVI,ref|NC_001148|,948066,118.02,118.02,94.8801,True,0.08879908442153812,10.48006794342993,0.9762384583741197,1.0
a1,competition,30C,6,C,run1,run3,different_batch,chrI,ref|NC_001133|,230218,40.2519,136.4,89.4583,True,0.021563000484520766,0.8679517392028814,0.6776983953116966,0.6006504196461387
a1,competition,30C,6,C,run1,run3,different_batch,chrII,ref|NC_001134|,813184,57.7627,119.896,96.8145,True,0.07616557778281687,4.399529419795516,0.9725177966473866,0.9806015175728692
a1,competition,30C,6,C,run1,run3,different_batch,chrIII,ref|NC_001135|,316620,46.3482,128.729,94.5825,False,0.0,0.0,0.7803383384532302,0.7328350741221004
a1,competition,30C,6,C,run1,run3,different_batch,chrIV,ref|NC_001136|,1531933,71.5194,117.029,94.4684,True,0.1434860524426993,10.26203637907039,1.204131546924626,1.2438847356124574
a1,competition,30C,6,C,run1,run3,different_batch,chrV,ref|NC_001137|,576874,52.8837,126.853,95.9456,True,0.054031979869112894,2.8574110138042053,0.8903728427265587,0.8485371489312297
a1,competition,30C,6,C,run1,run3,different_batch,chrVI,ref|NC_001138|,270161,44.6132,140.308,95.4549,True,0.025304197647006813,1.1289012304654444,0.7511271281534482,0.6471883802601236
a1,competition,30C,6,C,run1,run3,different_batch,chrVII,ref|NC_001139|,1090940,63.9116,120.902,96.3975,True,0.10218114894831457,6.530560719125101,1.0760433361357606,1.0759596252156356
a1,competition,30C,6,C,run1,run3,different_batch,chrVIII,ref|NC_001140|,562643,50.3328,116.065,93.2892,True,0.05269905603216176,2.6524910474555914,0.847424787191277,0.882672477445032
a1,competition,30C,6,C,run1,run3,different_batch,chrIX,ref|NC_001141|,439888,47.0438,124.855,94.7096,True,0.041201405438040774,1.9382706771461025,0.7920497608650621,0.7669132233095481
a1,competition,30C,6,C,run1,run3,different_batch,chrX,ref|NC_001142|,745751,53.5112,116.264,93.4526,True,0.06984957377065149,3.737734511956086,0.9009377040885836,0.9368049994242185
a1,competition,30C,6,C,run1,run3,different_batch,chrXI,ref|NC_001143|,666816,54.8558,124.697,99.5386,True,0.062456253338514796,3.4260877418869002,0.9235759711601035,0.8953984080802291
a1,competition,30C,6,C,run1,run3,different_batch,chrXII,ref|NC_001144|,1078177,161.044,163.085,91.7975,False,0.0,0.0,2.711406427387946,2.0099270780201426
a1,competition,30C,6,C,run1,run3,different_batch,chrXIII,ref|NC_001145|,924431,61.1178,121.736,96.5883,True,0.0865853499765701,5.291906102798016,1.0290057111585096,1.0218766025598627
a1,competition,30C,6,C,run1,run3,different_batch,chrXIV,ref|NC_001146|,784333,58.7973,119.557,96.0874,True,0.07346329504654556,4.319443397840253,0.9899367696595792,1.0009955451407762
a1,competition,30C,6,C,run1,run3,different_batch,chrXV,ref|NC_001147|,1091291,64.4387,120.292,96.3563,True,0.10221402480150618,6.586538879976816,1.0849178196798617,1.0903346020313518
a1,competition,30C,6,C,run1,run3,different_batch,chrXVI,ref|NC_001148|,948066,60.768,118.02,94.9026,True,0.08879908442153812,5.3961427621280285,1.0231163270876946,1.0480188711184846
a10,competition,30C,12,C,run1,run3,different_batch,chrI,ref|NC_001133|,230218,39.0946,136.4,89.4617,True,0.021563000484520766,0.8429968787421456,0.7718513015424355,0.6840990201292286
a10,competition,30C,12,C,run1,run3,different_batch,chrII,ref|NC_001134|,813184,49.9607,119.896,96.7981,True,0.07616557778281687,3.805285581933979,0.9863825520908556,0.9945815190448339
a10,competition,30C,12,C,run1,run3,different_batch,chrIII,ref|NC_001135|,316620,43.9395,128.729,94.5847,False,0.0,0.0,0.8675049818676709,0.8146954293549542
a10,competition,30C,12,C,run1,run3,different_batch,chrIV,ref|NC_001136|,1531933,57.7875,117.029,94.458,True,0.1434860524426993,8.291700255532486,1.140908388572424,1.1785743284460914
a10,competition,30C,12,C,run1,run3,different_batch,chrV,ref|NC_001137|,576874,46.6987,126.853,95.9471,True,0.054031979869112894,2.5232232183137424,0.9219803342492245,0.878659508300795
a10,competition,30C,12,C,run1,run3,different_batch,chrVI,ref|NC_001138|,270161,43.4166,140.308,95.472,True,0.025304197647006813,1.098622227561036,0.8571812787072206,0.7385670714884577
a10,competition,30C,12,C,run1,run3,different_batch,chrVII,ref|NC_001139|,1090940,53.948,120.902,96.3961,True,0.10218114894831457,5.512468623463675,1.0651044905335088,1.0650216306021865
a10,competition,30C,12,C,run1,run3,different_batch,chrVIII,ref|NC_001140|,562643,43.5657,116.065,93.3299,True,0.05269905603216176,2.2958712653803497,0.8601249852308831,0.8959009260779977
a10,competition,30C,12,C,run1,run3,different_batch,chrIX,ref|NC_001141|,439888,43.4867,124.855,94.7143,True,0.041201405438040774,1.7917131578624477,0.8585652748662329,0.8313177970663982
a10,competition,30C,12,C,run1,run3,different_batch,chrX,ref|NC_001142|,745751,46.3215,116.264,93.4597,True,0.06984957377065149,3.2355370314172327,0.9145332108372494,0.9509417578638492
a10,competition,30C,12,C,run1,run3,different_batch,chrXI,ref|NC_001143|,666816,47.6778,124.697,99.5375,True,0.062456253338514796,2.9777767554230405,0.9413108711863002,0.9125922305125862
a10,competition,30C,12,C,run1,run3,different_batch,chrXII,ref|NC_001144|,1078177,117.179,163.085,91.8095,False,0.0,0.0,2.3134848204979983,1.7149534419991204
a10,competition,30C,12,C,run1,run3,different_batch,chrXIII,ref|NC_001145|,924431,52.7244,121.736,96.5978,True,0.0865853499765701,4.565160626304673,1.0409467487336868,1.0337349108044531
a10,competition,30C,12,C,run1,run3,different_batch,chrXIV,ref|NC_001146|,784333,49.7315,119.557,96.0884,True,0.07346329504654556,3.65343985760728,0.9818574177164526,0.9928259371914975
a10,competition,30C,12,C,run1,run3,different_batch,chrXV,ref|NC_001147|,1091291,54.1902,120.292,96.3328,True,0.10221402480150618,5.53899844679858,1.0698862861071576,1.0752280189532424
a10,competition,30C,12,C,run1,run3,different_batch,chrXVI,ref|NC_001148|,948066,50.8748,118.02,94.8721,True,0.08879908442153812,4.517635660128867,1.0044297830317,1.0288774985412188
a20,competition,30C,24,C,run1,run3,different_batch,chrI,ref|NC_001133|,230218,73.7476,136.4,89.4986,True,0.021563000484520766,1.5902195345322439,0.8673050511648822,0.7687005702644477
a20,competition,30C,24,C,run1,run3,different_batch,chrII,ref|NC_001134|,813184,81.646,119.896,96.8459,True,0.07616557778281687,6.218614763655866,0.9601937989494975,0.9681750808672628
a20,competition,30C,24,C,run1,run3,different_batch,chrIII,ref|NC_001135|,316620,75.6119,128.729,94.5705,False,0.0,0.0,0.8892300603433054,0.8350979890017839
a20,competition,30C,24,C,run1,run3,different_batch,chrIV,ref|NC_001136|,1531933,98.6689,117.029,94.4881,True,0.1434860524426993,14.157610959863451,1.1603907837391676,1.1986999152417999
a20,competition,30C,24,C,run1,run3,different_batch,chrV,ref|NC_001137|,576874,76.0144,126.853,95.9861,True,0.054031979869112894,4.107208530562695,0.8939636419526575,0.8519592283023478
a20,competition,30C,24,C,run1,run3,different_batch,chrVI,ref|NC_001138|,270161,79.689,140.308,95.4938,True,0.025304197647006813,2.0164662062923258,0.9371785959445227,0.8074945968399159
a20,competition,30C,24,C,run1,run3,different_batch,chrVII,ref|NC_001139|,1090940,91.2717,120.902,96.4121,True,0.10218114894831457,9.326247172465882,1.073396374097676,1.0733128690982794
a20,competition,30C,24,C,run1,run3,different_batch,chrVIII,ref|NC_001140|,562643,71.3431,116.065,93.353,True,0.05269905603216176,3.75971402440812,0.839027046246404,0.8739254418180465
a20,competition,30C,24,C,run1,run3,different_batch,chrIX,ref|NC_001141|,439888,71.6825,124.855,94.7425,True,0.041201405438040774,2.953419745312358,0.8430185433848243,0.8162644575649595
a20,competition,30C,24,C,run1,run3,different_batch,chrX,ref|NC_001142|,745751,74.6359,116.264,93.4892,True,0.06984957377065149,5.213285802988968,0.8777518599688265,0.9126961020069078
a20,competition,30C,24,C,run1,run3,different_batch,chrXI,ref|NC_001143|,666816,78.2317,124.697,99.5494,True,0.062456253338514796,4.886058874302688,0.9200400904058669,0.891970404215503
a20,competition,30C,24,C,run1,run3,different_batch,chrXII,ref|NC_001144|,1078177,206.222,163.085,91.8166,False,0.0,0.0,2.4252637680592226,1.7978135883742743
a20,competition,30C,24,C,run1,run3,different_batch,chrXIII,ref|NC_001145|,924431,88.3509,121.736,96.6023,True,0.0865853499765701,7.649893597244946,1.0390464482229032,1.0318477758656042
a20,competition,30C,24,C,run1,run3,different_batch,chrXIV,ref|NC_001146|,784333,82.6701,119.557,96.1297,True,0.07346329504654556,6.073217947827426,0.9722376770268581,0.9830987325145717
a20,competition,30C,24,C,run1,run3,different_batch,chrXV,ref|NC_001147|,1091291,91.7474,120.292,96.354,True,0.10221402480150618,9.377871019073709,1.0789908207351142,1.0843780107408074
a20,competition,30C,24,C,run1,run3,different_batch,chrXVI,ref|NC_001148|,948066,86.723,118.02,94.8949,True,0.08879908442153812,7.700922998289051,1.0199016097089542,1.0447259078561129
b1,competition,39C,6,H,run1,run3,different_batch,chrI,ref|NC_001133|,230218,77.1053,136.4,89.4739,True,0.021563000484520766,1.662621621259119,0.8296252934864754,0.7353046489840226
b1,competition,39C,6,H,run1,run3,different_batch,chrII,ref|NC_001134|,813184,94.2081,119.896,96.8259,True,0.07616557778281687,7.175414368321389,1.0136452696676264,1.0220708486191648
b1,competition,39C,6,H,run1,run3,different_batch,chrIII,ref|NC_001135|,316620,122.32,128.729,94.6118,False,0.0,0.0,1.3161192019130419,1.236000162185125
b1,competition,39C,6,H,run1,run3,different_batch,chrIV,ref|NC_001136|,1531933,93.0537,117.029,94.4799,True,0.1434860524426993,13.351908078187208,1.0012243409013706,1.0342787528087376
b1,competition,39C,6,H,run1,run3,different_batch,chrV,ref|NC_001137|,576874,92.7309,126.853,96.0196,True,0.054031979869112894,5.010434122044721,0.9977511290114299,0.9508700824271226
b1,competition,39C,6,H,run1,run3,different_batch,chrVI,ref|NC_001138|,270161,85.2629,140.308,95.4956,True,0.025304197647006813,2.157509273556977,0.9173981352255682,0.7904512977049606
b1,competition,39C,6,H,run1,run3,different_batch,chrVII,ref|NC_001139|,1090940,94.6555,120.902,96.4132,True,0.10218114894831457,9.67200774427719,1.0184591327393717,1.018379901589242
b1,competition,39C,6,H,run1,run3,different_batch,chrVIII,ref|NC_001140|,562643,89.318,116.065,93.354,True,0.05269905603216176,4.706974286680624,0.9610295526199238,1.0010025065710642
b1,competition,39C,6,H,run1,run3,different_batch,chrIX,ref|NC_001141|,439888,89.6586,124.855,94.7216,True,0.041201405438040774,3.694060329607123,0.9646942861072652,0.9340786917968262
b1,competition,39C,6,H,run1,run3,different_batch,chrX,ref|NC_001142|,745751,90.9017,116.264,93.4989,True,0.06984957377065149,6.349445000027631,0.9780695949684334,1.0170075935251996
b1,competition,39C,6,H,run1,run3,different_batch,chrXI,ref|NC_001143|,666816,96.6773,124.697,99.5524,True,0.062456253338514796,6.038101940883597,1.040212973504805,1.0084769089116363
b1,competition,39C,6,H,run1,run3,different_batch,chrXII,ref|NC_001144|,1078177,103.511,163.085,91.7885,False,0.0,0.0,1.113741127446214,0.8256004807495205
b1,competition,39C,6,H,run1,run3,different_batch,chrXIII,ref|NC_001145|,924431,95.5456,121.736,96.6025,True,0.0865853499765701,8.272849214721376,1.0280362885734364,1.0209138962823978
b1,competition,39C,6,H,run1,run3,different_batch,chrXIV,ref|NC_001146|,784333,93.187,119.557,96.1333,True,0.07346329504654556,6.84582407550244,1.002658600953815,1.0138594944776027
b1,competition,39C,6,H,run1,run3,different_batch,chrXV,ref|NC_001147|,1091291,94.9719,120.292,96.4,True,0.10221402480150618,9.707460142046166,1.0218634829313704,1.0269654473194272
b1,competition,39C,6,H,run1,run3,different_batch,chrXVI,ref|NC_001148|,948066,93.4165,118.02,94.893,True,0.08879908442153812,8.295299669864615,1.0051279384034473,1.0295926469414467
b5,competition,39C,12,H,run2,run3,different_batch,chrI,ref|NC_001133|,230218,39.3164,136.4,89.4895,True,0.021563000484520766,0.8477795522496123,0.8312051975327961,0.7367049327016588
b5,competition,39C,12,H,run2,run3,different_batch,chrII,ref|NC_001134|,813184,47.1637,119.896,96.7992,True,0.07616557778281687,3.5922504608754395,0.9971083968745239,1.0053965187377698
b5,competition,39C,12,H,run2,run3,different_batch,chrIII,ref|NC_001135|,316620,42.267,128.729,94.6261,False,0.0,0.0,0.8935851218351296,0.8391879351878108
b5,competition,39C,12,H,run2,run3,different_batch,chrIV,ref|NC_001136|,1531933,50.2105,117.029,94.4413,True,0.1434860524426993,7.204506436174153,1.061522127425717,1.0965672099465091
b5,competition,39C,12,H,run2,run3,different_batch,chrV,ref|NC_001137|,576874,46.5006,126.853,96.0066,True,0.054031979869112894,2.512519483101671,0.983089509934621,0.9368973646473958
b5,competition,39C,12,H,run2,run3,different_batch,chrVI,ref|NC_001138|,270161,45.0295,140.308,95.439,True,0.025304197647006813,1.1394353679458933,0.9519883418192672,0.8202550139324295
b5,competition,39C,12,H,run2,run3,different_batch,chrVII,ref|NC_001139|,1090940,48.5831,120.902,96.4,True,0.10218114894831457,4.9642769774708615,1.027116552691894,1.0270366480367428
b5,competition,39C,12,H,run2,run3,different_batch,chrVIII,ref|NC_001140|,562643,44.1142,116.065,93.2798,True,0.05269905603216176,2.32477669761399,0.9326375844431654,0.9714296060978764
b5,competition,39C,12,H,run2,run3,different_batch,chrIX,ref|NC_001141|,439888,43.6378,124.855,94.7214,True,0.041201405438040774,1.7979386902241357,0.9225658038095208,0.89328720147832
b5,competition,39C,12,H,run2,run3,different_batch,chrX,ref|NC_001142|,745751,45.3101,116.264,93.4591,True,0.06984957377065149,3.164891172505596,0.9579206290690587,0.9960564757041761
b5,competition,39C,12,H,run2,run3,different_batch,chrXI,ref|NC_001143|,666816,47.6842,124.697,99.5387,True,0.062456253338514796,2.978176475444407,1.0081125148842047,0.9773558095705319
b5,competition,39C,12,H,run2,run3,different_batch,chrXII,ref|NC_001144|,1078177,61.3625,163.085,91.7851,False,0.0,0.0,1.297291433946297,0.961663716230163
b5,competition,39C,12,H,run2,run3,different_batch,chrXIII,ref|NC_001145|,924431,47.9003,121.736,96.5984,True,0.0865853499765701,4.147464239482701,1.012681179441154,1.0056651696894552
b5,competition,39C,12,H,run2,run3,different_batch,chrXIV,ref|NC_001146|,784333,46.3474,119.557,96.07,True,0.07346329504654556,3.4048327208402656,0.9798506417711568,0.9907967431632491
b5,competition,39C,12,H,run2,run3,different_batch,chrXV,ref|NC_001147|,1091291,48.4489,120.292,96.342,True,0.10221402480150618,4.952157066205693,1.024279371833298,1.0293933982818444
b5,competition,39C,12,H,run2,run3,different_batch,chrXVI,ref|NC_001148|,948066,48.0801,118.02,94.9023,True,0.08879908442153812,4.269468858895995,1.0164824098314338,1.0412234850124
B4-lineage-D10,competition,39C,24,H,run3,run3,same_batch,chrI,ref|NC_001133|,230218,62.5595,136.4,89.5651,True,0.021563000484520766,1.348970528811377,0.867337964492339,0.7687297416540889
B4-lineage-D10,competition,39C,24,H,run3,run3,same_batch,chrII,ref|NC_001134|,813184,69.7838,119.896,96.8205,True,0.07616557778281687,5.315123446880535,0.9674971674412437,0.9755391561069027
B4-lineage-D10,competition,39C,24,H,run3,run3,same_batch,chrIII,ref|NC_001135|,316620,63.492,128.729,94.5569,False,0.0,0.0,0.8802663391099287,0.8266799362280445
B4-lineage-D10,competition,39C,24,H,run3,run3,same_batch,chrIV,ref|NC_001136|,1531933,81.5943,117.029,94.4703,True,0.1434860524426993,11.70764400882534,1.1312404043538913,1.1685871654784827
B4-lineage-D10,competition,39C,24,H,run3,run3,same_batch,chrV,ref|NC_001137|,576874,65.5766,126.853,95.9912,True,0.054031979869112894,3.5432335310848684,0.909167668576768,0.866448867681274
B4-lineage-D10,competition,39C,24,H,run3,run3,same_batch,chrVI,ref|NC_001138|,270161,69.2722,140.308,95.4842,True,0.025304197647006813,1.7528774402429854,0.9604042382676684,0.8275063435499175
B4-lineage-D10,competition,39C,24,H,run3,run3,same_batch,chrVII,ref|NC_001139|,1090940,75.4699,120.902,96.4071,True,0.10218114894831457,7.711601093014405,1.046330444559825,1.0462490451576563
B4-lineage-D10,competition,39C,24,H,run3,run3,same_batch,chrVIII,ref|NC_001140|,562643,62.133,116.065,93.3309,True,0.05269905603216176,3.274350448446307,0.8614248794795755,0.8972548879802836
B4-lineage-D10,competition,39C,24,H,run3,run3,same_batch,chrIX,ref|NC_001141|,439888,62.1537,124.855,94.7553,True,0.041201405438040774,2.560819793174355,0.8617118685997729,0.8343645303170959
B4-lineage-D10,competition,39C,24,H,run3,run3,same_batch,chrX,ref|NC_001142|,745751,66.4127,116.264,93.4679,True,0.06984957377065149,4.638898787958146,0.9207595334751775,0.9574159570773674
B4-lineage-D10,competition,39C,24,H,run3,run3,same_batch,chrXI,ref|NC_001143|,666816,68.8996,124.697,99.5275,True,0.062456253338514796,4.303210872522334,0.9552384341041148,0.9260948746419955
B4-lineage-D10,competition,39C,24,H,run3,run3,same_batch,chrXII,ref|NC_001144|,1078177,110.399,163.085,91.8211,False,0.0,0.0,1.53059477684428,1.1346081710144702
B4-lineage-D10,competition,39C,24,H,run3,run3,same_batch,chrXIII,ref|NC_001145|,924431,73.8703,121.736,96.6066,True,0.0865853499765701,6.396085778374226,1.024153256315003,1.0170577662640223
B4-lineage-D10,competition,39C,24,H,run3,run3,same_batch,chrXIV,ref|NC_001146|,784333,72.1618,119.557,96.0871,True,0.07346329504654556,5.3012436044898115,1.0004662557421857,1.0116426581527875
B4-lineage-D10,competition,39C,24,H,run3,run3,same_batch,chrXV,ref|NC_001147|,1091291,76.3374,120.292,96.3823,True,0.10221402480150618,7.802752896882498,1.0583576456115775,1.0636418182118628
B4-lineage-D10,competition,39C,24,H,run3,run3,same_batch,chrXVI,ref|NC_001148|,948066,72.8764,118.02,94.8897,True,0.08879908442153812,6.471357595937781,1.0103736192829147,1.0349660071430145
d1,competition,fluct,6,H,run1,run3,different_batch,chrI,ref|NC_001133|,230218,109.889,136.4,89.5312,True,0.021563000484520766,2.3695365602435023,0.7913793947937018,0.7014069516329873
d1,competition,fluct,6,H,run1,run3,different_batch,chrII,ref|NC_001134|,813184,141.571,119.896,96.831,True,0.07616557778281687,10.782837012291166,1.0195412853000678,1.028015872861124
d1,competition,fluct,6,H,run1,run3,different_batch,chrIII,ref|NC_001135|,316620,174.858,128.729,94.5708,False,0.0,0.0,1.2592617842990392,1.18260395210766
d1,competition,fluct,6,H,run1,run3,different_batch,chrIV,ref|NC_001136|,1531933,141.22,117.029,94.4874,True,0.1434860524426993,20.263100325957996,1.0170135148446757,1.050589190406829
d1,competition,fluct,6,H,run1,run3,different_batch,chrV,ref|NC_001137|,576874,136.286,126.853,96.0109,True,0.054031979869112894,7.36380240844192,0.9814806959646047,0.9353641435586911
d1,competition,fluct,6,H,run1,run3,different_batch,chrVI,ref|NC_001138|,270161,123.144,140.308,95.5419,True,0.025304197647006813,3.116060115043007,0.8868369372045939,0.7641190677738874
d1,competition,fluct,6,H,run1,run3,different_batch,chrVII,ref|NC_001139|,1090940,141.963,120.902,96.4131,True,0.10218114894831457,14.50594244814958,1.0223643223898506,1.0222847874350247
d1,competition,fluct,6,H,run1,run3,different_batch,chrVIII,ref|NC_001140|,562643,131.552,116.065,93.3649,True,0.05269905603216176,6.932666219142943,0.9473882021303411,0.9867937593001183
d1,competition,fluct,6,H,run1,run3,different_batch,chrIX,ref|NC_001141|,439888,129.036,124.855,94.7798,True,0.041201405438040774,5.316464552103029,0.9292689130540829,0.8997775804556819
d1,competition,fluct,6,H,run1,run3,different_batch,chrX,ref|NC_001142|,745751,135.844,116.264,93.4784,True,0.06984957377065149,9.48864549930038,0.9782975776133701,1.01724465240351
d1,competition,fluct,6,H,run1,run3,different_batch,chrXI,ref|NC_001143|,666816,143.679,124.697,99.5564,True,0.062456253338514796,8.973652023424467,1.034722311282879,1.0031537623959867
d1,competition,fluct,6,H,run1,run3,different_batch,chrXII,ref|NC_001144|,1078177,156.29,163.085,91.8243,False,0.0,0.0,1.1255420070462707,0.8343483052043956
d1,competition,fluct,6,H,run1,run3,different_batch,chrXIII,ref|NC_001145|,924431,142.959,121.736,96.6112,True,0.0865853499765701,12.378155047300485,1.029537141117972,1.0224043506914666
d1,competition,fluct,6,H,run1,run3,different_batch,chrXIV,ref|NC_001146|,784333,139.909,119.557,96.1423,True,0.07346329504654556,10.27817614666714,1.0075721841694074,1.0188279682834378
d1,competition,fluct,6,H,run1,run3,different_batch,chrXV,ref|NC_001147|,1091291,142.8,120.292,96.3923,True,0.10221402480150618,14.596162741655084,1.0283920827065551,1.0335266431156198
d1,competition,fluct,6,H,run1,run3,different_batch,chrXVI,ref|NC_001148|,948066,140.681,118.02,94.9122,True,0.08879908442153812,12.492343995506406,1.0131318388462247,1.0377913614810352
d10,competition,fluct,12,C,run1,run3,different_batch,chrI,ref|NC_001133|,230218,77.4356,136.4,89.5395,True,0.021563000484520766,1.669743880319156,0.7092804583703883,0.6286418972130424
d10,competition,fluct,12,C,run1,run3,different_batch,chrII,ref|NC_001134|,813184,105.701,119.896,96.8274,True,0.07616557778281687,8.050777737221525,0.968180704097449,0.9762283744273307
d10,competition,fluct,12,C,run1,run3,different_batch,chrIII,ref|NC_001135|,316620,88.1088,128.729,94.6434,False,0.0,0.0,0.8070428853197351,0.7579139759496122
d10,competition,fluct,12,C,run1,run3,different_batch,chrIV,ref|NC_001136|,1531933,127.938,117.029,94.4978,True,0.1434860524426993,18.357318577414063,1.1718631131287258,1.2105509920166226
d10,competition,fluct,12,C,run1,run3,different_batch,chrV,ref|NC_001137|,576874,101.009,126.853,96.0222,True,0.054031979869112894,5.457716254599224,0.9252037799091705,0.8817314948425782
d10,competition,fluct,12,C,run1,run3,different_batch,chrVI,ref|NC_001138|,270161,87.8505,140.308,95.4956,True,0.025304197647006813,2.222986415388372,0.8046769561812371,0.6933281416474035
d10,competition,fluct,12,C,run1,run3,different_batch,chrVII,ref|NC_001139|,1090940,117.743,120.902,96.4118,True,0.10218114894831457,12.031115020621401,1.0784808151535552,1.078396914609458
d10,competition,fluct,12,C,run1,run3,different_batch,chrVIII,ref|NC_001140|,562643,90.9041,116.065,93.3491,True,0.05269905603216176,4.790560259453236,0.8326467634492097,0.8672797782635674
d10,competition,fluct,12,C,run1,run3,different_batch,chrIX,ref|NC_001141|,439888,90.6333,124.855,94.7509,True,0.041201405438040774,3.734219339487581,0.8301663390949502,0.8038201315824416
d10,competition,fluct,12,C,run1,run3,different_batch,chrX,ref|NC_001142|,745751,98.2177,116.264,93.4774,True,0.06984957377065149,6.860464481733716,0.8996365402487395,0.9354520348577403
d10,competition,fluct,12,C,run1,run3,different_batch,chrXI,ref|NC_001143|,666816,100.667,124.697,99.5486,True,0.062456253338514796,6.287283654828269,0.9220711908059328,0.8939395373693092
d10,competition,fluct,12,C,run1,run3,different_batch,chrXII,ref|NC_001144|,1078177,243.497,163.085,91.81,False,0.0,0.0,2.2303393241844125,1.6533188663899252
d10,competition,fluct,12,C,run1,run3,different_batch,chrXIII,ref|NC_001145|,924431,114.699,121.736,96.6045,True,0.0865853499765701,9.931253056962612,1.0505989402112876,1.0433202304265214
d10,competition,fluct,12,C,run1,run3,different_batch,chrXIV,ref|NC_001146|,784333,107.604,119.557,96.1365,True,0.07346329504654556,7.904944400188488,0.9856114557449968,0.996621912306306
d10,competition,fluct,12,C,run1,run3,different_batch,chrXV,ref|NC_001147|,1091291,117.722,120.292,96.3803,True,0.10221402480150618,12.03283942768291,1.0782884631910756,1.0836721464630052
d10,competition,fluct,12,C,run1,run3,different_batch,chrXVI,ref|NC_001148|,948066,110.853,118.02,94.9135,True,0.08879908442153812,9.843644905380765,1.0153710522257549,1.0400850770792298
d20,competition,fluct,24,C,run1,run3,different_batch,chrI,ref|NC_001133|,230218,10.7332,136.4,89.1051,True,0.021563000484520766,0.2314399968004583,0.6465044936953838,0.573002973192291
d20,competition,fluct,24,C,run1,run3,different_batch,chrII,ref|NC_001134|,813184,16.0054,119.896,96.7016,True,0.07616557778281687,1.2190605386450972,0.964070642808491,0.9720841496623301
d20,competition,fluct,24,C,run1,run3,different_batch,chrIII,ref|NC_001135|,316620,12.5388,128.729,94.2714,False,0.0,0.0,0.7552631596865499,0.709286352260594
d20,competition,fluct,24,C,run1,run3,different_batch,chrIV,ref|NC_001136|,1531933,20.1043,117.029,94.3858,True,0.1434860524426993,2.884686644123759,1.2109641386166383,1.2509428984286988
d20,competition,fluct,24,C,run1,run3,different_batch,chrV,ref|NC_001137|,576874,14.641,126.853,95.9029,True,0.054031979869112894,0.7910822172636819,0.8818872556361675,0.8404502716915344
d20,competition,fluct,24,C,run1,run3,different_batch,chrVI,ref|NC_001138|,270161,12.2424,140.308,95.2669,True,0.025304197647006813,0.3097841092737162,0.7374097765453328,0.6353691951502215
d20,competition,fluct,24,C,run1,run3,different_batch,chrVII,ref|NC_001139|,1090940,18.2548,120.902,96.3187,True,0.10218114894831457,1.8652964378216927,1.0995611962425456,1.0994756557476786
d20,competition,fluct,24,C,run1,run3,different_batch,chrVIII,ref|NC_001140|,562643,13.5585,116.065,93.0819,True,0.05269905603216176,0.7145201512120652,0.8166838573555752,0.850652912868715
d20,competition,fluct,24,C,run1,run3,different_batch,chrIX,ref|NC_001141|,439888,12.4803,124.855,94.5325,True,0.041201405438040774,0.5142059002883802,0.7517394656455202,0.7278822179777441
d20,competition,fluct,24,C,run1,run3,different_batch,chrX,ref|NC_001142|,745751,15.1478,116.264,93.3635,True,0.06984957377065149,1.0580673735630746,0.9124138905078573,0.9487380651213366
d20,competition,fluct,24,C,run1,run3,different_batch,chrXI,ref|NC_001143|,666816,15.7881,124.697,99.4496,True,0.062456253338514796,0.9860655733338054,0.9509817758834354,0.9219680836539725
d20,competition,fluct,24,C,run1,run3,different_batch,chrXII,ref|NC_001144|,1078177,31.0132,163.085,91.7701,False,0.0,0.0,1.8680517612523455,1.3847602410905901
d20,competition,fluct,24,C,run1,run3,different_batch,chrXIII,ref|NC_001145|,924431,17.3573,121.736,96.5268,True,0.0865853499765701,1.50288789514832,1.0455011039036712,1.0382577127068011
d20,competition,fluct,24,C,run1,run3,different_batch,chrXIV,ref|NC_001146|,784333,16.1647,119.557,95.929,True,0.07346329504654556,1.187512125438895,0.9736659327356025,0.984542943544602
d20,competition,fluct,24,C,run1,run3,different_batch,chrXV,ref|NC_001147|,1091291,17.8502,120.292,96.2789,True,0.10221402480150618,1.8245407855118458,1.075190484977578,1.0805587006505726
d20,competition,fluct,24,C,run1,run3,different_batch,chrXVI,ref|NC_001148|,948066,17.0356,118.02,94.7658,True,0.08879908442153812,1.5127456825715548,1.0261237983823164,1.0510995439487996
D4-lineage-D1,competition,fluct2,6,H,run3,run3,same_batch,chrI,ref|NC_001133|,230218,86.4575,136.4,89.5065,True,0.021563000484520766,1.8642831143904541,0.7817787094077788,0.6928977744741821
D4-lineage-D1,competition,fluct2,6,H,run3,run3,same_batch,chrII,ref|NC_001134|,813184,111.977,119.896,96.8447,True,0.07616557778281687,8.528792903386485,1.0125348818015192,1.0209512310344244
D4-lineage-D1,competition,fluct2,6,H,run3,run3,same_batch,chrIII,ref|NC_001135|,316620,151.839,128.729,94.615,False,0.0,0.0,1.372980914990229,1.289400406238529
D4-lineage-D1,competition,fluct2,6,H,run3,run3,same_batch,chrIV,ref|NC_001136|,1531933,111.042,117.029,94.5031,True,0.1434860524426993,15.932978235342215,1.0040802874251347,1.0372289855268395
D4-lineage-D1,competition,fluct2,6,H,run3,run3,same_batch,chrV,ref|NC_001137|,576874,110.064,126.853,96.0426,True,0.054031979869112894,5.946975832314041,0.9952368721309055,0.9484739622146644
D4-lineage-D1,competition,fluct2,6,H,run3,run3,same_batch,chrVI,ref|NC_001138|,270161,98.5888,140.308,95.4845,True,0.025304197647006813,2.4947104809812255,0.8914741326786182,0.768114581869033
D4-lineage-D1,competition,fluct2,6,H,run3,run3,same_batch,chrVII,ref|NC_001139|,1090940,113.263,120.902,96.4103,True,0.10218114894831457,11.573343473332953,1.0241633399491457,1.0240836650395333
D4-lineage-D1,competition,fluct2,6,H,run3,run3,same_batch,chrVIII,ref|NC_001140|,562643,105.586,116.065,93.3731,True,0.05269905603216176,5.564282530211831,0.9547452425935256,0.9944568076678981
D4-lineage-D1,competition,fluct2,6,H,run3,run3,same_batch,chrIX,ref|NC_001141|,439888,105.842,124.855,94.7641,True,0.041201405438040774,4.360839154373111,0.9570600834067389,0.9266867685998991
D4-lineage-D1,competition,fluct2,6,H,run3,run3,same_batch,chrX,ref|NC_001142|,745751,108.808,116.264,93.4784,True,0.06984957377065149,7.600192422837047,0.9838796843910778,1.0230489888331484
D4-lineage-D1,competition,fluct2,6,H,run3,run3,same_batch,chrXI,ref|NC_001143|,666816,115.132,124.697,99.5595,True,0.062456253338514796,7.1907133593698855,1.0410634863549884,1.0093014732960361
D4-lineage-D1,competition,fluct2,6,H,run3,run3,same_batch,chrXII,ref|NC_001144|,1078177,126.237,163.085,91.8343,False,0.0,0.0,1.1414787489750429,0.8461619856672379
D4-lineage-D1,competition,fluct2,6,H,run3,run3,same_batch,chrXIII,ref|NC_001145|,924431,113.884,121.736,96.6109,True,0.0865853499765701,9.860685996731709,1.0297786373905733,1.022644173841038
D4-lineage-D1,competition,fluct2,6,H,run3,run3,same_batch,chrXIV,ref|NC_001146|,784333,111.154,119.557,96.1474,True,0.07346329504654556,8.165739097603725,1.0050930302809153,1.0163211192864534
D4-lineage-D1,competition,fluct2,6,H,run3,run3,same_batch,chrXV,ref|NC_001147|,1091291,113.463,120.292,96.3646,True,0.10221402480150618,11.597509896053296,1.0259718093344685,1.0310942857922423
D4-lineage-D1,competition,fluct2,6,H,run3,run3,same_batch,chrXVI,ref|NC_001148|,948066,111.597,118.02,94.9094,True,0.08879908442153812,9.90971142419039,1.0090987899694057,1.0336601486178012
D4-lineage-D10,competition,fluct2,12,C,run3,run3,same_batch,chrI,ref|NC_001133|,230218,78.7898,136.4,89.4887,True,0.021563000484520766,1.6989444955752941,0.8860639179425444,0.7853267291576033
D4-lineage-D10,competition,fluct2,12,C,run3,run3,same_batch,chrII,ref|NC_001134|,813184,87.4008,119.896,96.8285,True,0.07616557778281687,6.6569324306804205,0.9829025493060363,0.9910725899293815
D4-lineage-D10,competition,fluct2,12,C,run3,run3,same_batch,chrIII,ref|NC_001135|,316620,80.2674,128.729,94.5881,False,0.0,0.0,0.9026808917786489,0.8477299981780376
D4-lineage-D10,competition,fluct2,12,C,run3,run3,same_batch,chrIV,ref|NC_001136|,1531933,97.8042,117.029,94.5002,True,0.1434860524426993,14.03353857031625,1.0998983706423444,1.136210406131537
D4-lineage-D10,competition,fluct2,12,C,run3,run3,same_batch,chrV,ref|NC_001137|,576874,84.6602,126.853,95.9639,True,0.054031979869112894,4.574358222115071,0.9520819764207982,0.9073467732315151
D4-lineage-D10,competition,fluct2,12,C,run3,run3,same_batch,chrVI,ref|NC_001138|,270161,84.5089,140.308,95.4986,True,0.025304197647006813,2.138429908531134,0.9503804684745321,0.8188696333401978
D4-lineage-D10,competition,fluct2,12,C,run3,run3,same_batch,chrVII,ref|NC_001139|,1090940,93.2392,120.902,96.4114,True,0.10218114894831457,9.527288583021692,1.0485607382913587,1.0484791653832222
D4-lineage-D10,competition,fluct2,12,C,run3,run3,same_batch,chrVIII,ref|NC_001140|,562643,77.3206,116.065,93.3457,True,0.05269905603216176,4.074722631840366,0.8695414098483344,0.9057090163904233
D4-lineage-D10,competition,fluct2,12,C,run3,run3,same_batch,chrIX,ref|NC_001141|,439888,79.4802,124.855,94.7584,True,0.041201405438040774,3.274695944496568,0.893828102252538,0.8654615212994602
D4-lineage-D10,competition,fluct2,12,C,run3,run3,same_batch,chrX,ref|NC_001142|,745751,81.6429,116.264,93.4913,True,0.06984957377065149,5.702721766399922,0.9181496570138693,0.9547021786377066
D4-lineage-D10,competition,fluct2,12,C,run3,run3,same_batch,chrXI,ref|NC_001143|,666816,85.1535,124.697,99.5522,True,0.062456253338514796,5.318368568661219,0.9576295895727677,0.9284130778726563
D4-lineage-D10,competition,fluct2,12,C,run3,run3,same_batch,chrXII,ref|NC_001144|,1078177,170.099,163.085,91.7953,False,0.0,0.0,1.9129200274414817,1.4180204496105788
D4-lineage-D10,competition,fluct2,12,C,run3,run3,same_batch,chrXIII,ref|NC_001145|,924431,91.5026,121.736,96.6098,True,0.0865853499765701,7.922784644766103,1.029031070746841,1.0219017864530962
D4-lineage-D10,competition,fluct2,12,C,run3,run3,same_batch,chrXIV,ref|NC_001146|,784333,87.8705,119.557,96.1382,True,0.07346329504654556,6.455256467387482,0.9881847587069691,0.9992239621343144
D4-lineage-D10,competition,fluct2,12,C,run3,run3,same_batch,chrXV,ref|NC_001147|,1091291,93.6533,120.292,96.3676,True,0.10221402480150618,9.572680728942899,1.0532176744483233,1.0584761841785004
D4-lineage-D10,competition,fluct2,12,C,run3,run3,same_batch,chrXVI,ref|NC_001148|,948066,89.7577,118.02,94.9237,True,0.08879908442153812,7.9704015797830925,1.0094080620525945,1.0339769483510384
D4-lineage-20,competition,fluct2,24,C,run3,run3,same_batch,chrI,ref|NC_001133|,230218,5.60429,136.4,88.1143,True,0.021563000484520766,0.12084530798539488,1.0532925891174527,0.9335430628732472
D4-lineage-20,competition,fluct2,24,C,run3,run3,same_batch,chrII,ref|NC_001134|,813184,5.28184,119.896,94.8575,True,0.07616557778281687,0.40229439535639344,0.9926900515326879,1.0009414474143437
D4-lineage-20,competition,fluct2,24,C,run3,run3,same_batch,chrIII,ref|NC_001135|,316620,5.55695,128.729,92.9253,False,0.0,0.0,1.0443953209231194,0.9808175309424985
D4-lineage-20,competition,fluct2,24,C,run3,run3,same_batch,chrIV,ref|NC_001136|,1531933,5.3933,117.029,92.9454,True,0.1434860524426993,0.7738633266392101,1.0136382879699584,1.0471025338206672
D4-lineage-20,competition,fluct2,24,C,run3,run3,same_batch,chrV,ref|NC_001137|,576874,5.41063,126.853,94.6056,True,0.054031979869112894,0.29234705123921834,1.0168953572096668,0.969114786257122
D4-lineage-20,competition,fluct2,24,C,run3,run3,same_batch,chrVI,ref|NC_001138|,270161,5.99946,140.308,94.1402,True,0.025304197647006813,0.1518115216153115,1.1275624132060607,0.9715336651986114
D4-lineage-20,competition,fluct2,24,C,run3,run3,same_batch,chrVII,ref|NC_001139|,1090940,5.42552,120.902,94.7175,True,0.10218114894831457,0.5543858672420596,1.0196938431288392,1.0196145159242669
D4-lineage-20,competition,fluct2,24,C,run3,run3,same_batch,chrVIII,ref|NC_001140|,562643,4.93327,116.065,91.3428,True,0.05269905603216176,0.25997867215178266,0.927178417090382,0.9657433707588803
D4-lineage-20,competition,fluct2,24,C,run3,run3,same_batch,chrIX,ref|NC_001141|,439888,5.28495,124.855,93.0951,True,0.041201405438040774,0.2177473676697736,0.9932745573223875,0.9617519378523662
D4-lineage-20,competition,fluct2,24,C,run3,run3,same_batch,chrX,ref|NC_001142|,745751,5.06081,116.264,91.4467,True,0.06984957377065149,0.3534954214342507,0.9511487927875782,0.9890150453644493
D4-lineage-20,competition,fluct2,24,C,run3,run3,same_batch,chrXI,ref|NC_001143|,666816,5.45079,124.697,98.0186,True,0.062456253338514796,0.34043592113504306,1.0244431876001279,0.9931882465430416
D4-lineage-20,competition,fluct2,24,C,run3,run3,same_batch,chrXII,ref|NC_001144|,1078177,7.06167,163.085,91.1286,False,0.0,0.0,1.327198392266111,0.9838333197027498
D4-lineage-20,competition,fluct2,24,C,run3,run3,same_batch,chrXIII,ref|NC_001145|,924431,5.35256,121.736,95.2079,True,0.0865853499765701,0.46345328087059007,1.0059814500688784,0.999011857064685
D4-lineage-20,competition,fluct2,24,C,run3,run3,same_batch,chrXIV,ref|NC_001146|,784333,5.15999,119.557,94.2447,True,0.07346329504654556,0.37906986780722457,0.9697890771034627,0.9806227788069488
D4-lineage-20,competition,fluct2,24,C,run3,run3,same_batch,chrXV,ref|NC_001147|,1091291,5.31601,120.292,94.6611,True,0.10221402480150618,0.543370777985055,0.9991120974600299,1.004100468632953
D4-lineage-20,competition,fluct2,24,C,run3,run3,same_batch,chrXVI,ref|NC_001148|,948066,5.26622,118.02,93.2688,True,0.08879908442153812,0.4676355143623925,0.9897543665053222,1.0138448839166945
1638,edited_founder,founder,0,B,run3,run3,same_batch,chrI,ref|NC_001133|,230218,118.554,136.4,89.5834,True,0.021563000484520766,2.556379959441875,1.1757751411993989,1.0421004931642162
1638,edited_founder,founder,0,B,run3,run3,same_batch,chrII,ref|NC_001134|,813184,100.56,119.896,96.8677,True,0.07616557778281687,7.6592105018400645,0.9973172410801117,1.0056070988892505
1638,edited_founder,founder,0,B,run3,run3,same_batch,chrIII,ref|NC_001135|,316620,184.153,128.729,94.6352,False,0.0,0.0,1.8263619918121101,1.715181812412813
1638,edited_founder,founder,0,B,run3,run3,same_batch,chrIV,ref|NC_001136|,1531933,96.9539,117.029,94.4825,True,0.1434860524426993,13.911532379924225,0.9615532623305194,0.9932979735860726
1638,edited_founder,founder,0,B,run3,run3,same_batch,chrV,ref|NC_001137|,576874,105.994,126.853,95.9762,True,0.054031979869112894,5.727065674246752,1.0512096624010079,1.0018167750166318
1638,edited_founder,founder,0,B,run3,run3,same_batch,chrVI,ref|NC_001138|,270161,120.846,140.308,95.4923,True,0.025304197647006813,3.0579110688501854,1.1985063575533728,1.0326605965934013
1638,edited_founder,founder,0,B,run3,run3,same_batch,chrVII,ref|NC_001139|,1090940,100.849,120.902,96.415,True,0.10218114894831457,10.304866690288575,1.000183437208514,1.0001056278183056
1638,edited_founder,founder,0,B,run3,run3,same_batch,chrVIII,ref|NC_001140|,562643,96.6887,116.065,93.388,True,0.05269905603216176,5.0954032189768785,0.9589231058832794,0.9988084445283401
1638,edited_founder,founder,0,B,run3,run3,same_batch,chrIX,ref|NC_001141|,439888,104.433,124.855,94.7543,True,0.041201405438040774,4.302786374110912,1.0357282362541698,1.0028583043455046
1638,edited_founder,founder,0,B,run3,run3,same_batch,chrX,ref|NC_001142|,745751,96.4302,116.264,93.4745,True,0.06984957377065149,6.735608368618677,0.956359397581577,0.9944330899183509
1638,edited_founder,founder,0,B,run3,run3,same_batch,chrXI,ref|NC_001143|,666816,103.712,124.697,99.5556,True,0.062456253338514796,6.477462946244047,1.028577622383657,0.9971965430330785
1638,edited_founder,founder,0,B,run3,run3,same_batch,chrXII,ref|NC_001144|,1078177,124.897,163.085,91.7972,False,0.0,0.0,1.2386826915193188,0.9182178878132943
1638,edited_founder,founder,0,B,run3,run3,same_batch,chrXIII,ref|NC_001145|,924431,101.639,121.736,96.6118,True,0.0865853499765701,8.800448386268608,1.008018367801725,1.001034662720634
1638,edited_founder,founder,0,B,run3,run3,same_batch,chrXIV,ref|NC_001146|,784333,98.9599,119.557,96.1358,True,0.07346329504654556,7.269920331476644,0.9814480354570778,0.9924119816435742
1638,edited_founder,founder,0,B,run3,run3,same_batch,chrXV,ref|NC_001147|,1091291,99.804,120.292,96.3666,True,0.10221402480150618,10.201368531289523,0.9898195100314187,0.9947614851339024
1638,edited_founder,founder,0,B,run3,run3,same_batch,chrXVI,ref|NC_001148|,948066,98.3179,118.02,94.9142,True,0.08879908442153812,8.730539502248343,0.975080914645886,0.998814281778899
1667-1635,day0_mixture,founder,0,B,run3,run3,same_batch,chrI,ref|NC_001133|,230218,163.261,136.4,89.5256,True,0.021563000484520766,3.5203970221033445,1.1368941126325172,1.0076398742716042
1667-1635,day0_mixture,founder,0,B,run3,run3,same_batch,chrII,ref|NC_001134|,813184,144.175,119.896,96.8176,True,0.07616557778281687,10.981172176837623,1.003985695841586,1.0123309828958058
1667-1635,day0_mixture,founder,0,B,run3,run3,same_batch,chrIII,ref|NC_001135|,316620,159.501,128.729,94.6292,False,0.0,0.0,1.1107107506324176,1.0430959945930003
1667-1635,day0_mixture,founder,0,B,run3,run3,same_batch,chrIV,ref|NC_001136|,1531933,139.747,117.029,94.4748,True,0.1434860524426993,20.051745370709902,0.973150608890405,1.0052781948470244
1667-1635,day0_mixture,founder,0,B,run3,run3,same_batch,chrV,ref|NC_001137|,576874,148.722,126.853,95.9979,True,0.054031979869112894,8.035744110094209,1.0356494583454299,0.9869876938132159
1667-1635,day0_mixture,founder,0,B,run3,run3,same_batch,chrVI,ref|NC_001138|,270161,167.931,140.308,95.5086,True,0.025304197647006813,4.249359215059502,1.1694144053294495,1.0075943025764456
1667-1635,day0_mixture,founder,0,B,run3,run3,same_batch,chrVII,ref|NC_001139|,1090940,143.909,120.902,96.4148,True,0.10218114894831457,14.704786964003,1.002133362253281,1.0020554011684204
1667-1635,day0_mixture,founder,0,B,run3,run3,same_batch,chrVIII,ref|NC_001140|,562643,137.048,116.065,93.4264,True,0.05269905603216176,7.222300231095705,0.9543556902632057,0.9940510523422396
1667-1635,day0_mixture,founder,0,B,run3,run3,same_batch,chrIX,ref|NC_001141|,439888,146.864,124.855,94.7732,True,0.041201405438040774,6.05100320825242,1.022710977867721,0.9902541624328787
1667-1635,day0_mixture,founder,0,B,run3,run3,same_batch,chrX,ref|NC_001142|,745751,137.763,116.264,93.4851,True,0.06984957377065149,9.622686831366261,0.9593347072392885,0.9975268498415178
1667-1635,day0_mixture,founder,0,B,run3,run3,same_batch,chrXI,ref|NC_001143|,666816,147.504,124.697,99.5559,True,0.062456253338514796,9.212547192444285,1.0271677203358232,0.9958296559673684
1667-1635,day0_mixture,founder,0,B,run3,run3,same_batch,chrXII,ref|NC_001144|,1078177,179.378,163.085,91.8218,False,0.0,0.0,1.2491274225675186,0.9259604186063036
1667-1635,day0_mixture,founder,0,B,run3,run3,same_batch,chrXIII,ref|NC_001145|,924431,144.556,121.736,96.619,True,0.0865853499765701,12.516431851213067,1.0066388503421282,0.9996647027685189
1667-1635,day0_mixture,founder,0,B,run3,run3,same_batch,chrXIV,ref|NC_001146|,784333,140.704,119.557,96.1227,True,0.07346329504654556,10.336579466229146,0.9798148316122388,0.9907605329621065
1667-1635,day0_mixture,founder,0,B,run3,run3,same_batch,chrXV,ref|NC_001147|,1091291,143.003,120.292,96.3654,True,0.10221402480150618,14.616912188689787,0.995824286196874,1.0007962419715963
1667-1635,day0_mixture,founder,0,B,run3,run3,same_batch,chrXVI,ref|NC_001148|,948066,140.553,118.02,94.9163,True,0.08879908442153812,12.480977712700447,0.9787633189361709,1.0025863154031611
