sample,sample_role,regime,day,phase,batch,wt_batch,batch_relation_to_wt,chr3_wt_referenced_window_ratio,chr3_additively_lifted_copy_number_index,raw_minimum_ratio,additive_offset,baseline_mean_depth,wt_baseline_mean_depth,raw_window_depth_ratio_to_wt,baseline_depth_ratio_to_wt,window_q25,window_q75,window_min,window_max,windows_below_wt,windows_above_wt,n_windows,chr3_weighted_window_mean_depth,chr3_coverage_mean_depth,depth_engine_ratio,audit_flags
1635,WT_founder,founder,0,B,run3,run3,same_batch,1.0,1.2775619296992042,0.7224380703007958,0.27756192969920424,120.89259441443936,120.89259441443936,1.0,1.0,1.0,1.0,1.0,1.0,0,0,32,128.72885162023877,128.729,0.9999988473478296,
a1,competition,30C,6,C,run1,run3,different_batch,0.7295603753678288,1.007122305067033,0.7224380703007958,0.27756192969920424,59.395005622651325,120.89259441443936,0.3584358728251449,0.49130392072682005,0.717583048944225,0.753236869209721,0.6822073649911269,0.7814466038231851,32,0,32,46.34820289305792,46.3482,1.000000062420071,BELOW_WT_REFERENCE;CROSS_BATCH_WT_REFERENCE
a10,competition,30C,12,C,run1,run3,different_batch,0.8204840490971532,1.0980459787963575,0.7224380703007958,0.27756192969920424,50.65042958646954,120.89259441443936,0.34375860454404417,0.4189704905565322,0.7881613676823463,0.8340294576077256,0.7278355099531303,0.9258243741686014,32,0,32,43.939470027161896,43.9395,0.9999993178611931,BELOW_WT_REFERENCE;CROSS_BATCH_WT_REFERENCE
a20,competition,30C,24,C,run1,run3,different_batch,0.837710378751457,1.1152723084506613,0.7224380703007958,0.27756192969920424,85.03075117681973,120.89259441443936,0.5892101424315761,0.7033578159909496,0.8016107277446742,0.8636402454252213,0.745835841598714,0.9412688567630173,32,0,32,75.61185648411345,75.6119,0.9999994244836254,BELOW_WT_REFERENCE;CROSS_BATCH_WT_REFERENCE
b1,competition,39C,6,H,run1,run3,different_batch,1.2348109648785064,1.5123728945777106,0.7224380703007958,0.27756192969920424,92.93990986698017,120.89259441443936,0.9492990065639615,0.7687808365528755,1.1976908885832396,1.2762114071674622,1.1422083231006717,1.3392751083116852,0,32,32,122.32022929694902,122.32,1.0000018745662935,CROSS_BATCH_WT_REFERENCE
b5,competition,39C,12,H,run2,run3,different_batch,0.8433875723085513,1.1209495020077556,0.7224380703007958,0.27756192969920424,47.30047419903042,120.89259441443936,0.3299840846082362,0.391260311916847,0.8106852095708715,0.8714771757205736,0.754381046918156,0.9507064012086767,32,0,32,42.26700461120586,42.267,1.00000010909707,BELOW_WT_REFERENCE;CROSS_BATCH_WT_REFERENCE
B4-lineage-D10,competition,39C,24,H,run3,run3,same_batch,0.8281120291836177,1.105673958882822,0.7224380703007958,0.27756192969920424,72.12816982664498,120.89259441443936,0.49407662533636065,0.5966301755372868,0.8005339387468369,0.8519800498862184,0.7377961886338357,0.9082578843874088,32,0,32,63.49201566546649,63.492,1.000000246731344,BELOW_WT_REFERENCE
d1,competition,fluct,6,H,run1,run3,different_batch,1.1907296338646223,1.4682915635638265,0.7224380703007958,0.27756192969920424,138.85754509522712,120.89259441443936,1.3676751221316472,1.1486025737788454,1.1552835503548284,1.2320846537240175,1.0206627898578577,1.2870195835414462,0,32,32,174.857605331312,174.858,0.9999977429188941,CROSS_BATCH_WT_REFERENCE
d10,competition,fluct,12,C,run1,run3,different_batch,0.755989587319184,1.0335515170183882,0.7224380703007958,0.27756192969920424,109.17486741128133,120.89259441443936,0.6827139690371576,0.903073243982276,0.7371499234593036,0.7908558732860445,0.6863493373846131,0.8249598398713909,32,0,32,88.10879287473944,88.1088,0.9999999191311133,BELOW_WT_REFERENCE;CROSS_BATCH_WT_REFERENCE
d20,competition,fluct,24,C,run1,run3,different_batch,0.7224380703007958,1.0,0.7224380703007958,0.27756192969920424,16.60189543099635,120.89259441443936,0.09921071970205037,0.13732764617559923,0.6617703702490045,0.7578712067089316,0.5953305843209395,0.8115814376078703,32,0,32,12.538797296443686,12.5388,0.9999997843847646,BELOW_WT_REFERENCE;CROSS_BATCH_WT_REFERENCE
D4-lineage-D1,competition,fluct2,6,H,run3,run3,same_batch,1.2910995669528016,1.5686614966520058,0.7224380703007958,0.27756192969920424,110.59075792111835,120.89259441443936,1.181078794383819,0.9147852145681923,1.2653617794007472,1.3206757017249573,1.149511718486858,1.3814313651524903,0,32,32,151.83918577474574,151.839,1.0000012234982167,
D4-lineage-D10,competition,fluct2,12,C,run3,run3,same_batch,0.8506973171509178,1.128259246850122,0.7224380703007958,0.27756192969920424,88.9211245425175,120.89259441443936,0.6257203962968907,0.7355382269130689,0.8299056875690584,0.8683387150422606,0.7786522838642729,0.9343717807711126,32,0,32,80.2673994062283,80.2674,0.9999999926025797,BELOW_WT_REFERENCE
D4-lineage-20,competition,fluct2,24,C,run3,run3,same_batch,0.9730957923946664,1.2506577220938706,0.7224380703007958,0.27756192969920424,5.320734293493699,120.89259441443936,0.042827967904296355,0.04401207798761736,0.9113072663894555,1.0528652118058042,0.8411489868420122,1.1181933071072068,18,14,32,5.556951550754848,5.55695,1.0000002790658271,BELOW_WT_REFERENCE
1638,edited_founder,founder,0,B,run3,run3,same_batch,1.7140273927219405,1.9915893224211447,0.7224380703007958,0.27756192969920424,100.83050393382531,120.89259441443936,1.429585051107909,0.834050294165762,1.6887020893505984,1.7461372933443904,1.6301498804266499,1.793421151685139,0,32,32,184.1532310024635,184.153,1.0000012544051062,
1667-1635,day0_mixture,founder,0,B,run3,run3,same_batch,1.041105296995669,1.3186672266948731,0.7224380703007958,0.27756192969920424,143.60264354079868,120.89259441443936,1.2366801587562712,1.1878531041240261,1.0238676730911749,1.069924185742267,0.9872053875421907,1.114140293913134,2,30,32,159.5005527130314,159.501,0.9999971957105686,
