sample,sample_role,regime,day,phase,batch,wt_batch,batch_relation_to_wt,window_index,start_bp,end_bp,length_bp,sample_raw_mean_depth,wt_raw_mean_depth,sample_baseline_mean_depth,wt_baseline_mean_depth,sample_normalised_depth,wt_normalised_depth,wt_referenced_window_ratio
1635,WT_founder,founder,0,B,run3,run3,same_batch,1,1,10000,10000,105.0611,105.0611,120.89259441443936,120.89259441443936,0.8690449610158383,0.8690449610158383,1.0
1635,WT_founder,founder,0,B,run3,run3,same_batch,2,10001,20000,10000,99.3672,99.3672,120.89259441443936,120.89259441443936,0.8219461289692664,0.8219461289692664,1.0
1635,WT_founder,founder,0,B,run3,run3,same_batch,3,20001,30000,10000,145.095,145.095,120.89259441443936,120.89259441443936,1.2001975861531342,1.2001975861531342,1.0
1635,WT_founder,founder,0,B,run3,run3,same_batch,4,30001,40000,10000,147.9289,147.9289,120.89259441443936,120.89259441443936,1.2236390551176015,1.2236390551176015,1.0
1635,WT_founder,founder,0,B,run3,run3,same_batch,5,40001,50000,10000,144.1371,144.1371,120.89259441443936,120.89259441443936,1.192274023881684,1.192274023881684,1.0
1635,WT_founder,founder,0,B,run3,run3,same_batch,6,50001,60000,10000,141.2229,141.2229,120.89259441443936,120.89259441443936,1.1681683289537577,1.1681683289537577,1.0
1635,WT_founder,founder,0,B,run3,run3,same_batch,7,60001,70000,10000,145.5422,145.5422,120.89259441443936,120.89259441443936,1.2038967374714271,1.2038967374714271,1.0
1635,WT_founder,founder,0,B,run3,run3,same_batch,8,70001,80000,10000,149.6732,149.6732,120.89259441443936,120.89259441443936,1.2380675650561033,1.2380675650561033,1.0
1635,WT_founder,founder,0,B,run3,run3,same_batch,9,80001,90000,10000,61.457,61.457,120.89259441443936,120.89259441443936,0.5083603366912242,0.5083603366912242,1.0
1635,WT_founder,founder,0,B,run3,run3,same_batch,10,90001,100000,10000,136.7496,136.7496,120.89259441443936,120.89259441443936,1.1311660624239748,1.1311660624239748,1.0
1635,WT_founder,founder,0,B,run3,run3,same_batch,11,100001,110000,10000,135.7909,135.7909,120.89259441443936,120.89259441443936,1.1232358827083058,1.1232358827083058,1.0
1635,WT_founder,founder,0,B,run3,run3,same_batch,12,110001,120000,10000,104.5867,104.5867,120.89259441443936,120.89259441443936,0.8651208165941073,0.8651208165941073,1.0
1635,WT_founder,founder,0,B,run3,run3,same_batch,13,120001,130000,10000,134.5931,134.5931,120.89259441443936,120.89259441443936,1.1133279143517516,1.1133279143517516,1.0
1635,WT_founder,founder,0,B,run3,run3,same_batch,14,130001,140000,10000,138.401,138.401,120.89259441443936,120.89259441443936,1.1448261216525721,1.1448261216525721,1.0
1635,WT_founder,founder,0,B,run3,run3,same_batch,15,140001,150000,10000,115.995,115.995,120.89259441443936,120.89259441443936,0.959488052695357,0.959488052695357,1.0
1635,WT_founder,founder,0,B,run3,run3,same_batch,16,150001,160000,10000,105.287,105.287,120.89259441443936,120.89259441443936,0.8709135618271137,0.8709135618271137,1.0
1635,WT_founder,founder,0,B,run3,run3,same_batch,17,160001,170000,10000,124.302,124.302,120.89259441443936,120.89259441443936,1.0282019391020152,1.0282019391020152,1.0
1635,WT_founder,founder,0,B,run3,run3,same_batch,18,170001,180000,10000,130.1631,130.1631,120.89259441443936,120.89259441443936,1.07668381699031,1.07668381699031,1.0
1635,WT_founder,founder,0,B,run3,run3,same_batch,19,180001,190000,10000,129.5753,129.5753,120.89259441443936,120.89259441443936,1.0718216498505684,1.0718216498505684,1.0
1635,WT_founder,founder,0,B,run3,run3,same_batch,20,190001,200000,10000,117.7677,117.7677,120.89259441443936,120.89259441443936,0.974151481903625,0.974151481903625,1.0
1635,WT_founder,founder,0,B,run3,run3,same_batch,21,200001,210000,10000,114.929,114.929,120.89259441443936,120.89259441443936,0.9506703082738452,0.9506703082738452,1.0
1635,WT_founder,founder,0,B,run3,run3,same_batch,22,210001,220000,10000,137.0261,137.0261,120.89259441443936,120.89259441443936,1.1334532165820876,1.1334532165820876,1.0
1635,WT_founder,founder,0,B,run3,run3,same_batch,23,220001,230000,10000,135.2157,135.2157,120.89259441443936,120.89259441443936,1.1184779403150098,1.1184779403150098,1.0
1635,WT_founder,founder,0,B,run3,run3,same_batch,24,230001,240000,10000,139.888,139.888,120.89259441443936,120.89259441443936,1.1571262960942117,1.1571262960942117,1.0
1635,WT_founder,founder,0,B,run3,run3,same_batch,25,240001,250000,10000,137.1,137.1,120.89259441443936,120.89259441443936,1.1340645029917964,1.1340645029917964,1.0
1635,WT_founder,founder,0,B,run3,run3,same_batch,26,250001,260000,10000,134.3013,134.3013,120.89259441443936,120.89259441443936,1.1109142015729552,1.1109142015729552,1.0
1635,WT_founder,founder,0,B,run3,run3,same_batch,27,260001,270000,10000,141.0174,141.0174,120.89259441443936,120.89259441443936,1.166468472970061,1.166468472970061,1.0
1635,WT_founder,founder,0,B,run3,run3,same_batch,28,270001,280000,10000,139.9334,139.9334,120.89259441443936,120.89259441443936,1.1575018360536269,1.1575018360536269,1.0
1635,WT_founder,founder,0,B,run3,run3,same_batch,29,280001,290000,10000,137.1633,137.1633,120.89259441443936,120.89259441443936,1.1345881082656066,1.1345881082656066,1.0
1635,WT_founder,founder,0,B,run3,run3,same_batch,30,290001,300000,10000,127.766,127.766,120.89259441443936,120.89259441443936,1.0568554725692916,1.0568554725692916,1.0
1635,WT_founder,founder,0,B,run3,run3,same_batch,31,300001,310000,10000,132.7258,132.7258,120.89259441443936,120.89259441443936,1.097881972364614,1.097881972364614,1.0
1635,WT_founder,founder,0,B,run3,run3,same_batch,32,310001,316620,6620,129.98625377643503,129.98625377643503,120.89259441443936,120.89259441443936,1.0752209794656333,1.0752209794656333,1.0
a1,competition,30C,6,C,run1,run3,different_batch,1,1,10000,10000,37.1941,105.0611,59.395005622651325,120.89259441443936,0.6262159521677927,0.8690449610158383,0.7205794639621412
a1,competition,30C,6,C,run1,run3,different_batch,2,10001,20000,10000,35.4732,99.3672,59.395005622651325,120.89259441443936,0.5972421355655478,0.8219461289692664,0.7266195612046972
a1,competition,30C,6,C,run1,run3,different_batch,3,20001,30000,10000,49.6116,145.095,59.395005622651325,120.89259441443936,0.8352823521087395,1.2001975861531342,0.6959540343569439
a1,competition,30C,6,C,run1,run3,different_batch,4,30001,40000,10000,49.5815,147.9289,59.395005622651325,120.89259441443936,0.8347755754920112,1.2236390551176015,0.6822073649911269
a1,competition,30C,6,C,run1,run3,different_batch,5,40001,50000,10000,51.1531,144.1371,59.395005622651325,120.89259441443936,0.8612357127295543,1.192274023881684,0.7223471244686109
a1,competition,30C,6,C,run1,run3,different_batch,6,50001,60000,10000,49.5721,141.2229,59.395005622651325,120.89259441443936,0.8346173130269864,1.1681683289537577,0.7144666503452389
a1,competition,30C,6,C,run1,run3,different_batch,7,60001,70000,10000,52.1591,145.5422,59.395005622651325,120.89259441443936,0.878173163773693,1.2038967374714271,0.7294422656366201
a1,competition,30C,6,C,run1,run3,different_batch,8,70001,80000,10000,51.6105,149.6732,59.395005622651325,120.89259441443936,0.8689366969319291,1.2380675650561033,0.701849173225496
a1,competition,30C,6,C,run1,run3,different_batch,9,80001,90000,10000,21.466,61.457,59.395005622651325,120.89259441443936,0.36141085895972314,0.5083603366912242,0.7109344157572279
a1,competition,30C,6,C,run1,run3,different_batch,10,90001,100000,10000,47.2266,136.7496,59.395005622651325,120.89259441443936,0.7951274607168201,1.1311660624239748,0.702927259869291
a1,competition,30C,6,C,run1,run3,different_batch,11,100001,110000,10000,51.0714,135.7909,59.395005622651325,120.89259441443936,0.8598601761984348,1.1232358827083058,0.7655205726914377
a1,competition,30C,6,C,run1,run3,different_batch,12,110001,120000,10000,38.672,104.5867,59.395005622651325,120.89259441443936,0.651098515684823,0.8651208165941073,0.752609928227287
a1,competition,30C,6,C,run1,run3,different_batch,13,120001,130000,10000,48.0287,134.5931,59.395005622651325,120.89259441443936,0.8086319631845176,1.1133279143517516,0.7263196698479919
a1,competition,30C,6,C,run1,run3,different_batch,14,130001,140000,10000,50.9319,138.401,59.395005622651325,120.89259441443936,0.8575114938717378,1.1448261216525721,0.7490320823863699
a1,competition,30C,6,C,run1,run3,different_batch,15,140001,150000,10000,41.5835,115.995,59.395005622651325,120.89259441443936,0.7001177887613736,0.959488052695357,0.7296784850990377
a1,competition,30C,6,C,run1,run3,different_batch,16,150001,160000,10000,40.2388,105.287,59.395005622651325,120.89259441443936,0.6774778380466089,0.8709135618271137,0.7778933154115885
a1,competition,30C,6,C,run1,run3,different_batch,17,160001,170000,10000,46.3574,124.302,59.395005622651325,120.89259441443936,0.780493233631765,1.0282019391020152,0.7590855492000067
a1,competition,30C,6,C,run1,run3,different_batch,18,170001,180000,10000,47.5315,130.1631,59.395005622651325,120.89259441443936,0.800260888970655,1.07668381699031,0.7432645279350913
a1,competition,30C,6,C,run1,run3,different_batch,19,180001,190000,10000,48.241,129.5753,59.395005622651325,120.89259441443936,0.8122063377935341,1.0718216498505684,0.7577812389839024
a1,competition,30C,6,C,run1,run3,different_batch,20,190001,200000,10000,43.4476,117.7677,59.395005622651325,120.89259441443936,0.7315025824903786,0.974151481903625,0.7509125593700506
a1,competition,30C,6,C,run1,run3,different_batch,21,200001,210000,10000,41.2091,114.929,59.395005622651325,120.89259441443936,0.6938142284523026,0.9506703082738452,0.7298158177592373
a1,competition,30C,6,C,run1,run3,different_batch,22,210001,220000,10000,49.4278,137.0261,59.395005622651325,120.89259441443936,0.8321878158245319,1.1334532165820876,0.7342057031114021
a1,competition,30C,6,C,run1,run3,different_batch,23,220001,230000,10000,48.3311,135.2157,59.395005622651325,120.89259441443936,0.8137233003572288,1.1184779403150098,0.7275273575159208
a1,competition,30C,6,C,run1,run3,different_batch,24,230001,240000,10000,49.2417,139.888,59.395005622651325,120.89259441443936,0.8290545557456908,1.1571262960942117,0.7164771542606013
a1,competition,30C,6,C,run1,run3,different_batch,25,240001,250000,10000,51.1754,137.1,59.395005622651325,120.89259441443936,0.8616111651731769,1.1340645029917964,0.7597549900381722
a1,competition,30C,6,C,run1,run3,different_batch,26,250001,260000,10000,51.562,134.3013,59.395005622651325,120.89259441443936,0.8681201299581311,1.1109142015729552,0.7814466038231851
a1,competition,30C,6,C,run1,run3,different_batch,27,260001,270000,10000,50.327,141.0174,59.395005622651325,120.89259441443936,0.8473271358830702,1.166468472970061,0.7264038038898785
a1,competition,30C,6,C,run1,run3,different_batch,28,270001,280000,10000,48.2329,139.9334,59.395005622651325,120.89259441443936,0.8120699626906936,1.1575018360536269,0.7015712091303072
a1,competition,30C,6,C,run1,run3,different_batch,29,280001,290000,10000,51.6629,137.1633,59.395005622651325,120.89259441443936,0.8698189259922798,1.1345881082656066,0.7666385004880164
a1,competition,30C,6,C,run1,run3,different_batch,30,290001,300000,10000,47.4002,127.766,59.395005622651325,120.89259441443936,0.7980502653900432,1.0568554725692916,0.7551176921570228
a1,competition,30C,6,C,run1,run3,different_batch,31,300001,310000,10000,46.8167,132.7258,59.395005622651325,120.89259441443936,0.7882262070557937,1.097881972364614,0.7179516805054328
a1,competition,30C,6,C,run1,run3,different_batch,32,310001,316620,6620,46.734743202416915,129.98625377643503,59.395005622651325,120.89259441443936,0.7868463469695136,1.0752209794656333,0.731799659787668
a10,competition,30C,12,C,run1,run3,different_batch,1,1,10000,10000,32.0375,105.0611,50.65042958646954,120.89259441443936,0.6325217823731609,0.8690449610158383,0.7278355099531303
a10,competition,30C,12,C,run1,run3,different_batch,2,10001,20000,10000,32.5831,99.3672,50.65042958646954,120.89259441443936,0.6432936554738335,0.8219461289692664,0.7826469798945754
a10,competition,30C,12,C,run1,run3,different_batch,3,20001,30000,10000,48.1137,145.095,50.65042958646954,120.89259441443936,0.9499169186287181,1.2001975861531342,0.7914671130720949
a10,competition,30C,12,C,run1,run3,different_batch,4,30001,40000,10000,46.5427,147.9289,50.65042958646954,120.89259441443936,0.9189003998582699,1.2236390551176015,0.7509570702366608
a10,competition,30C,12,C,run1,run3,different_batch,5,40001,50000,10000,49.9926,144.1371,50.65042958646954,120.89259441443936,0.9870123591874674,1.192274023881684,0.8278401939631742
a10,competition,30C,12,C,run1,run3,different_batch,6,50001,60000,10000,44.2195,141.2229,50.65042958646954,120.89259441443936,0.8730330692360512,1.1681683289537577,0.7473521132163912
a10,competition,30C,12,C,run1,run3,different_batch,7,60001,70000,10000,48.1725,145.5422,50.65042958646954,120.89259441443936,0.9510778169760778,1.2038967374714271,0.7899994969449367
a10,competition,30C,12,C,run1,run3,different_batch,8,70001,80000,10000,46.0666,149.6732,50.65042958646954,120.89259441443936,0.909500677015106,1.2380675650561033,0.734613120224898
a10,competition,30C,12,C,run1,run3,different_batch,9,80001,90000,10000,20.4545,61.457,50.65042958646954,120.89259441443936,0.40383665384477,0.5083603366912242,0.7943905625549592
a10,competition,30C,12,C,run1,run3,different_batch,10,90001,100000,10000,46.9634,136.7496,50.65042958646954,120.89259441443936,0.9272063511292612,1.1311660624239748,0.8196907438527209
a10,competition,30C,12,C,run1,run3,different_batch,11,100001,110000,10000,48.5715,135.7909,50.65042958646954,120.89259441443936,0.9589553414760199,1.1232358827083058,0.8537435068080459
a10,competition,30C,12,C,run1,run3,different_batch,12,110001,120000,10000,38.5232,104.5867,50.65042958646954,120.89259441443936,0.7605700546771051,0.8651208165941073,0.8791489467001755
a10,competition,30C,12,C,run1,run3,different_batch,13,120001,130000,10000,46.2364,134.5931,50.65042958646954,120.89259441443936,0.9128530671406452,1.1133279143517516,0.8199318955118131
a10,competition,30C,12,C,run1,run3,different_batch,14,130001,140000,10000,48.0157,138.401,50.65042958646954,120.89259441443936,0.947982088049785,1.1448261216525721,0.8280577024931611
a10,competition,30C,12,C,run1,run3,different_batch,15,140001,150000,10000,40.7735,115.995,50.65042958646954,120.89259441443936,0.8049981082666274,0.959488052695357,0.8389871098501516
a10,competition,30C,12,C,run1,run3,different_batch,16,150001,160000,10000,40.8401,105.287,50.65042958646954,120.89259441443936,0.8063130033335351,0.8709135618271137,0.9258243741686014
a10,competition,30C,12,C,run1,run3,different_batch,17,160001,170000,10000,44.6883,124.302,50.65042958646954,120.89259441443936,0.8822886669442537,1.0282019391020152,0.8580888961508908
a10,competition,30C,12,C,run1,run3,different_batch,18,170001,180000,10000,47.1034,130.1631,50.65042958646954,120.89259441443936,0.9299703948134515,1.07668381699031,0.8637358341774177
a10,competition,30C,12,C,run1,run3,different_batch,19,180001,190000,10000,50.0342,129.5753,50.65042958646954,120.89259441443936,0.9878336750250553,1.0718216498505684,0.9216399716900451
a10,competition,30C,12,C,run1,run3,different_batch,20,190001,200000,10000,40.686,117.7677,50.65042958646954,120.89259441443936,0.8032705809640086,0.974151481903625,0.8245848781077746
a10,competition,30C,12,C,run1,run3,different_batch,21,200001,210000,10000,41.7279,114.929,50.65042958646954,120.89259441443936,0.8238409889251352,0.9506703082738452,0.866589586058497
a10,competition,30C,12,C,run1,run3,different_batch,22,210001,220000,10000,47.1356,137.0261,50.65042958646954,120.89259441443936,0.9306061248608151,1.1334532165820876,0.8210362026824934
a10,competition,30C,12,C,run1,run3,different_batch,23,220001,230000,10000,46.8273,135.2157,50.65042958646954,120.89259441443936,0.924519305804845,1.1184779403150098,0.8265869826135882
a10,competition,30C,12,C,run1,run3,different_batch,24,230001,240000,10000,45.8561,139.888,50.65042958646954,120.89259441443936,0.9053447399042343,1.1571262960942117,0.7824078866413752
a10,competition,30C,12,C,run1,run3,different_batch,25,240001,250000,10000,47.3883,137.1,50.65042958646954,120.89259441443936,0.9355952237107784,1.1340645029917964,0.8249929534365704
a10,competition,30C,12,C,run1,run3,different_batch,26,250001,260000,10000,45.601,134.3013,50.65042958646954,120.89259441443936,0.9003082574482563,1.1109142015729552,0.8104210533752294
a10,competition,30C,12,C,run1,run3,different_batch,27,260001,270000,10000,49.1786,141.0174,50.65042958646954,120.89259441443936,0.9709414194808189,1.166468472970061,0.8323769068602503
a10,competition,30C,12,C,run1,run3,different_batch,28,270001,280000,10000,46.9144,139.9334,50.65042958646954,120.89259441443936,0.9262389358397947,1.1575018360536269,0.8002051547474885
a10,competition,30C,12,C,run1,run3,different_batch,29,280001,290000,10000,44.7291,137.1633,50.65042958646954,120.89259441443936,0.8830941882465034,1.1345881082656066,0.7783390129096712
a10,competition,30C,12,C,run1,run3,different_batch,30,290001,300000,10000,44.3703,127.766,50.65042958646954,120.89259441443936,0.8760103391473075,1.0568554725692916,0.828883761199309
a10,competition,30C,12,C,run1,run3,different_batch,31,300001,310000,10000,42.1576,132.7258,50.65042958646954,120.89259441443936,0.8323246287186818,1.097881972364614,0.7581184951293299
a10,competition,30C,12,C,run1,run3,different_batch,32,310001,316620,6620,43.36389728096677,129.98625377643503,50.65042958646954,120.89259441443936,0.8561407600094816,1.0752209794656333,0.7962463310890465
a20,competition,30C,24,C,run1,run3,different_batch,1,1,10000,10000,57.8031,105.0611,85.03075117681973,120.89259441443936,0.679790536952915,0.8690449610158383,0.7822271199389946
a20,competition,30C,24,C,run1,run3,different_batch,2,10001,20000,10000,56.304,99.3672,85.03075117681973,120.89259441443936,0.6621604445539587,0.8219461289692664,0.8056007823582289
a20,competition,30C,24,C,run1,run3,different_batch,3,20001,30000,10000,84.0719,145.095,85.03075117681973,120.89259441443936,0.9887234775237276,1.2001975861531342,0.8238005882787832
a20,competition,30C,24,C,run1,run3,different_batch,4,30001,40000,10000,86.9035,147.9289,85.03075117681973,120.89259441443936,1.0220243711511605,1.2236390551176015,0.8352335330232948
a20,competition,30C,24,C,run1,run3,different_batch,5,40001,50000,10000,86.7065,144.1371,85.03075117681973,120.89259441443936,1.0197075622640988,1.192274023881684,0.855262751547869
a20,competition,30C,24,C,run1,run3,different_batch,6,50001,60000,10000,77.4437,141.2229,85.03075117681973,120.89259441443936,0.9107728548576196,1.1681683289537577,0.7796589175408751
a20,competition,30C,24,C,run1,run3,different_batch,7,60001,70000,10000,81.9547,145.5422,85.03075117681973,120.89259441443936,0.9638242502359747,1.2038967374714271,0.80058714359532
a20,competition,30C,24,C,run1,run3,different_batch,8,70001,80000,10000,80.0089,149.6732,85.03075117681973,120.89259441443936,0.9409407642844775,1.2380675650561033,0.7600076044653011
a20,competition,30C,24,C,run1,run3,different_batch,9,80001,90000,10000,33.6042,61.457,85.03075117681973,120.89259441443936,0.3952005543279365,0.5083603366912242,0.7774024167585277
a20,competition,30C,24,C,run1,run3,different_batch,10,90001,100000,10000,71.7374,136.7496,85.03075117681973,120.89259441443936,0.8436641921558886,1.1311660624239748,0.745835841598714
a20,competition,30C,24,C,run1,run3,different_batch,11,100001,110000,10000,76.5941,135.7909,85.03075117681973,120.89259441443936,0.9007811755152452,1.1232358827083058,0.8019519224611256
a20,competition,30C,24,C,run1,run3,different_batch,12,110001,120000,10000,69.2415,104.5867,85.03075117681973,120.89259441443936,0.8143112819974234,0.8651208165941073,0.9412688567630173
a20,competition,30C,24,C,run1,run3,different_batch,13,120001,130000,10000,77.8035,134.5931,85.03075117681973,120.89259441443936,0.9150042652005883,1.1133279143517516,0.8218641187429135
a20,competition,30C,24,C,run1,run3,different_batch,14,130001,140000,10000,81.6931,138.401,85.03075117681973,120.89259441443936,0.9607477162011758,1.1448261216525721,0.8392084160469044
a20,competition,30C,24,C,run1,run3,different_batch,15,140001,150000,10000,72.736,115.995,85.03075117681973,120.89259441443936,0.8554081787275636,0.959488052695357,0.8915256175671847
a20,competition,30C,24,C,run1,run3,different_batch,16,150001,160000,10000,68.9571,105.287,85.03075117681973,120.89259441443936,0.810966609675188,0.8709135618271137,0.931167736065378
a20,competition,30C,24,C,run1,run3,different_batch,17,160001,170000,10000,75.4369,124.302,85.03075117681973,120.89259441443936,0.8871719813827175,1.0282019391020152,0.862838269063695
a20,competition,30C,24,C,run1,run3,different_batch,18,170001,180000,10000,80.4782,130.1631,85.03075117681973,120.89259441443936,0.9464599440342142,1.07668381699031,0.8790509610146136
a20,competition,30C,24,C,run1,run3,different_batch,19,180001,190000,10000,83.9128,129.5753,85.03075117681973,120.89259441443936,0.9868523897372732,1.0718216498505684,0.920724441305005
a20,competition,30C,24,C,run1,run3,different_batch,20,190001,200000,10000,70.3883,117.7677,85.03075117681973,120.89259441443936,0.8277981674374363,0.974151481903625,0.8497632891958504
a20,competition,30C,24,C,run1,run3,different_batch,21,200001,210000,10000,67.8373,114.929,85.03075117681973,120.89259441443936,0.7977972564176659,0.9506703082738452,0.8391944604499592
a20,competition,30C,24,C,run1,run3,different_batch,22,210001,220000,10000,75.8189,137.0261,85.03075117681973,120.89259441443936,0.8916644737424009,1.1334532165820876,0.7866795565071514
a20,competition,30C,24,C,run1,run3,different_batch,23,220001,230000,10000,75.7442,135.2157,85.03075117681973,120.89259441443936,0.89078596803751,1.1184779403150098,0.7964269440903123
a20,competition,30C,24,C,run1,run3,different_batch,24,230001,240000,10000,81.2406,139.888,85.03075117681973,120.89259441443936,0.9554261120316556,1.1571262960942117,0.8256887042119956
a20,competition,30C,24,C,run1,run3,different_batch,25,240001,250000,10000,80.6376,137.1,85.03075117681973,120.89259441443936,0.9483345599560298,1.1340645029917964,0.836226297052955
a20,competition,30C,24,C,run1,run3,different_batch,26,250001,260000,10000,83.3693,134.3013,85.03075117681973,120.89259441443936,0.9804605845082471,1.1109142015729552,0.8825709340289309
a20,competition,30C,24,C,run1,run3,different_batch,27,260001,270000,10000,79.6574,141.0174,85.03075117681973,120.89259441443936,0.9368069656864966,1.166468472970061,0.8031138323877709
a20,competition,30C,24,C,run1,run3,different_batch,28,270001,280000,10000,84.7429,139.9334,85.03075117681973,120.89259441443936,0.9966147402811819,1.1575018360536269,0.8610048893563992
a20,competition,30C,24,C,run1,run3,different_batch,29,280001,290000,10000,83.5517,137.1633,85.03075117681973,120.89259441443936,0.9826056908077399,1.1345881082656066,0.8660461745098004
a20,competition,30C,24,C,run1,run3,different_batch,30,290001,300000,10000,75.686,127.766,85.03075117681973,120.89259441443936,0.8901015097774745,1.0568554725692916,0.8422168715402246
a20,competition,30C,24,C,run1,run3,different_batch,31,300001,310000,10000,78.3941,132.7258,85.03075117681973,120.89259441443936,0.9219499876812924,1.097881972364614,0.8397532803053501
a20,competition,30C,24,C,run1,run3,different_batch,32,310001,316620,6620,80.91117824773414,129.98625377643503,85.03075117681973,120.89259441443936,0.9515519635888078,1.0752209794656333,0.884982698218661
b1,competition,39C,6,H,run1,run3,different_batch,1,1,10000,10000,96.5306,105.0611,92.93990986698017,120.89259441443936,1.0386345342722947,0.8690449610158383,1.1951447633482863
b1,competition,39C,6,H,run1,run3,different_batch,2,10001,20000,10000,94.5902,99.3672,92.93990986698017,120.89259441443936,1.017756528227559,0.8219461289692664,1.2382277771705572
b1,competition,39C,6,H,run1,run3,different_batch,3,20001,30000,10000,140.824,145.095,92.93990986698017,120.89259441443936,1.5152155860873302,1.2001975861531342,1.2624717826203016
b1,competition,39C,6,H,run1,run3,different_batch,4,30001,40000,10000,136.3038,147.9289,92.93990986698017,120.89259441443936,1.4665798599878588,1.2236390551176015,1.1985395969948907
b1,competition,39C,6,H,run1,run3,different_batch,5,40001,50000,10000,134.6153,144.1371,92.93990986698017,120.89259441443936,1.4484122073355519,1.192274023881684,1.2148316396426715
b1,competition,39C,6,H,run1,run3,different_batch,6,50001,60000,10000,127.2384,141.2229,92.93990986698017,120.89259441443936,1.369039416781331,1.1681683289537577,1.1719538895627128
b1,competition,39C,6,H,run1,run3,different_batch,7,60001,70000,10000,131.3126,145.5422,92.93990986698017,120.89259441443936,1.4128763433054816,1.2038967374714271,1.1735859890051528
b1,competition,39C,6,H,run1,run3,different_batch,8,70001,80000,10000,134.8867,149.6732,92.93990986698017,120.89259441443936,1.4513323737138972,1.2380675650561033,1.1722561956044215
b1,competition,39C,6,H,run1,run3,different_batch,9,80001,90000,10000,54.5667,61.457,92.93990986698017,120.89259441443936,0.5871180645440516,0.5083603366912242,1.1549250052933704
b1,competition,39C,6,H,run1,run3,different_batch,10,90001,100000,10000,120.0809,136.7496,92.93990986698017,120.89259441443936,1.292027291309678,1.1311660624239748,1.1422083231006717
b1,competition,39C,6,H,run1,run3,different_batch,11,100001,110000,10000,128.6146,135.7909,92.93990986698017,120.89259441443936,1.383846833766883,1.1232358827083058,1.2320180071439684
b1,competition,39C,6,H,run1,run3,different_batch,12,110001,120000,10000,102.4293,104.5867,92.93990986698017,120.89259441443936,1.102102424530016,0.8651208165941073,1.2739289165054206
b1,competition,39C,6,H,run1,run3,different_batch,13,120001,130000,10000,121.8665,134.5931,92.93990986698017,120.89259441443936,1.3112397050354458,1.1133279143517516,1.1777659467012742
b1,competition,39C,6,H,run1,run3,different_batch,14,130001,140000,10000,130.9583,138.401,92.93990986698017,120.89259441443936,1.4090642027459839,1.1448261216525721,1.2308106673107533
b1,competition,39C,6,H,run1,run3,different_batch,15,140001,150000,10000,114.0592,115.995,92.93990986698017,120.89259441443936,1.2272359652946374,0.959488052695357,1.2790528885139667
b1,competition,39C,6,H,run1,run3,different_batch,16,150001,160000,10000,106.3834,105.287,92.93990986698017,120.89259441443936,1.1446471182537272,0.8709135618271137,1.3143062278790796
b1,competition,39C,6,H,run1,run3,different_batch,17,160001,170000,10000,125.8382,124.302,92.93990986698017,120.89259441443936,1.3539737684284971,1.0282019391020152,1.316836427687538
b1,competition,39C,6,H,run1,run3,different_batch,18,170001,180000,10000,129.3131,130.1631,92.93990986698017,120.89259441443936,1.3913624425188145,1.07668381699031,1.2922665136809952
b1,competition,39C,6,H,run1,run3,different_batch,19,180001,190000,10000,133.4119,129.5753,92.93990986698017,120.89259441443936,1.4354640561944292,1.0718216498505684,1.3392751083116852
b1,competition,39C,6,H,run1,run3,different_batch,20,190001,200000,10000,115.4885,117.7677,92.93990986698017,120.89259441443936,1.2426147191803005,0.974151481903625,1.2755867462748829
b1,competition,39C,6,H,run1,run3,different_batch,21,200001,210000,10000,111.7647,114.929,92.93990986698017,120.89259441443936,1.2025479706184645,0.9506703082738452,1.264947437773627
b1,competition,39C,6,H,run1,run3,different_batch,22,210001,220000,10000,124.8825,137.0261,92.93990986698017,120.89259441443936,1.3436907801905287,1.1334532165820876,1.1854841122092445
b1,competition,39C,6,H,run1,run3,different_batch,23,220001,230000,10000,128.7506,135.2157,92.93990986698017,120.89259441443936,1.3853101448481466,1.1184779403150098,1.2385672483249743
b1,competition,39C,6,H,run1,run3,different_batch,24,230001,240000,10000,132.361,139.888,92.93990986698017,120.89259441443936,1.424156750199576,1.1571262960942117,1.230770361892824
b1,competition,39C,6,H,run1,run3,different_batch,25,240001,250000,10000,132.0623,137.1,92.93990986698017,120.89259441443936,1.4209428456409476,1.1340645029917964,1.2529647492645544
b1,competition,39C,6,H,run1,run3,different_batch,26,250001,260000,10000,131.9601,134.3013,92.93990986698017,120.89259441443936,1.4198432104019394,1.1109142015729552,1.2780853898451998
b1,competition,39C,6,H,run1,run3,different_batch,27,260001,270000,10000,133.0927,141.0174,92.93990986698017,120.89259441443936,1.432029579009581,1.166468472970061,1.227662480549816
b1,competition,39C,6,H,run1,run3,different_batch,28,270001,280000,10000,131.429,139.9334,92.93990986698017,120.89259441443936,1.4141287654367984,1.1575018360536269,1.2217075786748748
b1,competition,39C,6,H,run1,run3,different_batch,29,280001,290000,10000,135.1339,137.1633,92.93990986698017,120.89259441443936,1.4539921567969003,1.1345881082656066,1.2815154206221606
b1,competition,39C,6,H,run1,run3,different_batch,30,290001,300000,10000,127.8529,127.766,92.93990986698017,120.89259441443936,1.375651215747776,1.0568554725692916,1.3016455432675853
b1,competition,39C,6,H,run1,run3,different_batch,31,300001,310000,10000,122.4284,132.7258,92.93990986698017,120.89259441443936,1.3172855469219316,1.097881972364614,1.1998425878919998
b1,competition,39C,6,H,run1,run3,different_batch,32,310001,316620,6620,123.6749244712991,129.98625377643503,92.93990986698017,120.89259441443936,1.3306977018625075,1.0752209794656333,1.2376039226130444
b5,competition,39C,12,H,run2,run3,different_batch,1,1,10000,10000,34.9244,105.0611,47.30047419903042,120.89259441443936,0.7383520057969291,0.8690449610158383,0.8496131258086572
b5,competition,39C,12,H,run2,run3,different_batch,2,10001,20000,10000,31.4797,99.3672,47.30047419903042,120.89259441443936,0.6655260974243105,0.8219461289692664,0.8096955189251768
b5,competition,39C,12,H,run2,run3,different_batch,3,20001,30000,10000,46.3706,145.095,47.30047419903042,120.89259441443936,0.9803411231118382,1.2001975861531342,0.8168164429108888
b5,competition,39C,12,H,run2,run3,different_batch,4,30001,40000,10000,43.6626,147.9289,47.30047419903042,120.89259441443936,0.9230901114495594,1.2236390551176015,0.754381046918156
b5,competition,39C,12,H,run2,run3,different_batch,5,40001,50000,10000,48.5676,144.1371,47.30047419903042,120.89259441443936,1.0267888604168698,1.192274023881684,0.8612020725520426
b5,competition,39C,12,H,run2,run3,different_batch,6,50001,60000,10000,43.5662,141.2229,47.30047419903042,120.89259441443936,0.9210520769132804,1.1681683289537577,0.7884583532051403
b5,competition,39C,12,H,run2,run3,different_batch,7,60001,70000,10000,44.396,145.5422,47.30047419903042,120.89259441443936,0.938595241417475,1.2038967374714271,0.7796310200066069
b5,competition,39C,12,H,run2,run3,different_batch,8,70001,80000,10000,45.9496,149.6732,47.30047419903042,120.89259441443936,0.971440578093441,1.2380675650561033,0.784642620089494
b5,competition,39C,12,H,run2,run3,different_batch,9,80001,90000,10000,19.9068,61.457,47.30047419903042,120.89259441443936,0.4208583600290429,0.5083603366912242,0.8278741075047136
b5,competition,39C,12,H,run2,run3,different_batch,10,90001,100000,10000,42.1965,136.7496,47.30047419903042,120.89259441443936,0.8920946505196973,1.1311660624239748,0.7886504733071893
b5,competition,39C,12,H,run2,run3,different_batch,11,100001,110000,10000,43.0889,135.7909,47.30047419903042,120.89259441443936,0.9109612689862474,1.1232358827083058,0.8110151064527698
b5,competition,39C,12,H,run2,run3,different_batch,12,110001,120000,10000,38.9035,104.5867,47.30047419903042,120.89259441443936,0.8224758981548954,0.8651208165941073,0.9507064012086767
b5,competition,39C,12,H,run2,run3,different_batch,13,120001,130000,10000,43.8649,134.5931,47.30047419903042,120.89259441443936,0.9273670241745516,1.1133279143517516,0.832968447319065
b5,competition,39C,12,H,run2,run3,different_batch,14,130001,140000,10000,45.5987,138.401,47.30047419903042,120.89259441443936,0.9640220478156369,1.1448261216525721,0.8420685286461301
b5,competition,39C,12,H,run2,run3,different_batch,15,140001,150000,10000,41.5605,115.995,47.30047419903042,120.89259441443936,0.8786486965251591,0.959488052695357,0.915747407231276
b5,competition,39C,12,H,run2,run3,different_batch,16,150001,160000,10000,37.7034,105.287,47.30047419903042,120.89259441443936,0.7971040594931892,0.8709135618271137,0.9152504845841676
b5,competition,39C,12,H,run2,run3,different_batch,17,160001,170000,10000,43.7205,124.302,47.30047419903042,120.89259441443936,0.9243142006575528,1.0282019391020152,0.8989617365094709
b5,competition,39C,12,H,run2,run3,different_batch,18,170001,180000,10000,44.3794,130.1631,47.30047419903042,120.89259441443936,0.9382442935616426,1.07668381699031,0.8714204474479315
b5,competition,39C,12,H,run2,run3,different_batch,19,180001,190000,10000,44.5469,129.5753,47.30047419903042,120.89259441443936,0.941785484275613,1.0718216498505684,0.878677422131672
b5,competition,39C,12,H,run2,run3,different_batch,20,190001,200000,10000,38.7333,117.7677,47.30047419903042,120.89259441443936,0.8188776255607596,0.974151481903625,0.840606046156765
b5,competition,39C,12,H,run2,run3,different_batch,21,200001,210000,10000,38.9953,114.929,47.30047419903042,120.89259441443936,0.8244166820805221,0.9506703082738452,0.8671951515740879
b5,competition,39C,12,H,run2,run3,different_batch,22,210001,220000,10000,41.7955,137.0261,47.30047419903042,120.89259441443936,0.8836169342432667,1.1334532165820876,0.7795795373961717
b5,competition,39C,12,H,run2,run3,different_batch,23,220001,230000,10000,46.1141,135.2157,47.30047419903042,120.89259441443936,0.9749183444961164,1.1184779403150098,0.8716473605385001
b5,competition,39C,12,H,run2,run3,different_batch,24,230001,240000,10000,46.607,139.888,47.30047419903042,120.89259441443936,0.9853389588418834,1.1571262960942117,0.8515396825461639
b5,competition,39C,12,H,run2,run3,different_batch,25,240001,250000,10000,41.9559,137.1,47.30047419903042,120.89259441443936,0.887008020753839,1.1340645029917964,0.7821495324241319
b5,competition,39C,12,H,run2,run3,different_batch,26,250001,260000,10000,44.9267,134.3013,47.30047419903042,120.89259441443936,0.9498150020855588,1.1109142015729552,0.8549850211120766
b5,competition,39C,12,H,run2,run3,different_batch,27,260001,270000,10000,45.0323,141.0174,47.30047419903042,120.89259441443936,0.9520475378431426,1.166468472970061,0.8161793995332253
b5,competition,39C,12,H,run2,run3,different_batch,28,270001,280000,10000,45.7789,139.9334,47.30047419903042,120.89259441443936,0.967831734780756,1.1575018360536269,0.8361384013700316
b5,competition,39C,12,H,run2,run3,different_batch,29,280001,290000,10000,46.2999,137.1633,47.30047419903042,120.89259441443936,0.9788464235089861,1.1345881082656066,0.8627328423222276
b5,competition,39C,12,H,run2,run3,different_batch,30,290001,300000,10000,43.9371,127.766,47.30047419903042,120.89259441443936,0.9288934359330512,1.0568554725692916,0.8789219150986127
b5,competition,39C,12,H,run2,run3,different_batch,31,300001,310000,10000,43.8659,132.7258,47.30047419903042,120.89259441443936,0.92738816561165,1.097881972364614,0.8447066159709726
b5,competition,39C,12,H,run2,run3,different_batch,32,310001,316620,6620,45.05936555891239,129.98625377643503,47.30047419903042,120.89259441443936,0.95261974265442,1.0752209794656333,0.8859757769308555
B4-lineage-D10,competition,39C,24,H,run3,run3,same_batch,1,1,10000,10000,46.247,105.0611,72.12816982664498,120.89259441443936,0.6411780599889257,0.8690449610158383,0.7377961886338357
B4-lineage-D10,competition,39C,24,H,run3,run3,same_batch,2,10001,20000,10000,47.7098,99.3672,72.12816982664498,120.89259441443936,0.6614586244828778,0.8219461289692664,0.8047469306928393
B4-lineage-D10,competition,39C,24,H,run3,run3,same_batch,3,20001,30000,10000,68.2449,145.095,72.12816982664498,120.89259441443936,0.9461615366648267,1.2001975861531342,0.788338143303102
B4-lineage-D10,competition,39C,24,H,run3,run3,same_batch,4,30001,40000,10000,68.0801,147.9289,72.12816982664498,120.89259441443936,0.9438767150702114,1.2236390551176015,0.7713685756617971
B4-lineage-D10,competition,39C,24,H,run3,run3,same_batch,5,40001,50000,10000,69.8598,144.1371,72.12816982664498,120.89259441443936,0.9685508473028382,1.192274023881684,0.8123559080399397
B4-lineage-D10,competition,39C,24,H,run3,run3,same_batch,6,50001,60000,10000,67.7772,141.2229,72.12816982664498,120.89259441443936,0.9396772462534092,1.1681683289537577,0.8044022620395889
B4-lineage-D10,competition,39C,24,H,run3,run3,same_batch,7,60001,70000,10000,67.2351,145.5422,72.12816982664498,120.89259441443936,0.9321614587143258,1.2038967374714271,0.7742868883191482
B4-lineage-D10,competition,39C,24,H,run3,run3,same_batch,8,70001,80000,10000,70.451,149.6732,72.12816982664498,120.89259441443936,0.9767473674893464,1.2380675650561033,0.788928968868581
B4-lineage-D10,competition,39C,24,H,run3,run3,same_batch,9,80001,90000,10000,29.7549,61.457,72.12816982664498,120.89259441443936,0.4125281436020604,0.5083603366912242,0.8114876669708168
B4-lineage-D10,competition,39C,24,H,run3,run3,same_batch,10,90001,100000,10000,66.3696,136.7496,72.12816982664498,120.89259441443936,0.9201619860799838,1.1311660624239748,0.8134632187498354
B4-lineage-D10,competition,39C,24,H,run3,run3,same_batch,11,100001,110000,10000,70.6905,135.7909,72.12816982664498,120.89259441443936,0.9800678454742395,1.1232358827083058,0.8725396513429889
B4-lineage-D10,competition,39C,24,H,run3,run3,same_batch,12,110001,120000,10000,55.4983,104.5867,72.12816982664498,120.89259441443936,0.7694400139832508,0.8651208165941073,0.889401802874722
B4-lineage-D10,competition,39C,24,H,run3,run3,same_batch,13,120001,130000,10000,61.9373,134.5931,72.12816982664498,120.89259441443936,0.8587116538359697,1.1133279143517516,0.7713016468611269
B4-lineage-D10,competition,39C,24,H,run3,run3,same_batch,14,130001,140000,10000,69.8628,138.401,72.12816982664498,120.89259441443936,0.9685924399289536,1.1448261216525721,0.846060743731788
B4-lineage-D10,competition,39C,24,H,run3,run3,same_batch,15,140001,150000,10000,58.1836,115.995,72.12816982664498,120.89259441443936,0.8066695736192977,0.959488052695357,0.840729148584219
B4-lineage-D10,competition,39C,24,H,run3,run3,same_batch,16,150001,160000,10000,57.0544,105.287,72.12816982664498,120.89259441443936,0.7910141091493971,0.8709135618271137,0.9082578843874088
B4-lineage-D10,competition,39C,24,H,run3,run3,same_batch,17,160001,170000,10000,60.9377,124.302,72.12816982664498,120.89259441443936,0.8448529908142617,1.0282019391020152,0.8216800209034014
B4-lineage-D10,competition,39C,24,H,run3,run3,same_batch,18,170001,180000,10000,68.2994,130.1631,72.12816982664498,120.89259441443936,0.9469171360392596,1.07668381699031,0.8794755907878402
B4-lineage-D10,competition,39C,24,H,run3,run3,same_batch,19,180001,190000,10000,68.703,129.5753,72.12816982664498,120.89259441443936,0.9525127306726743,1.0718216498505684,0.8886858469461519
B4-lineage-D10,competition,39C,24,H,run3,run3,same_batch,20,190001,200000,10000,59.6972,117.7677,72.12816982664498,120.89259441443936,0.8276544399154735,0.974151481903625,0.8496157479513594
B4-lineage-D10,competition,39C,24,H,run3,run3,same_batch,21,200001,210000,10000,58.317,114.929,72.12816982664498,120.89259441443936,0.8085190590605701,0.9506703082738452,0.8504726107714644
B4-lineage-D10,competition,39C,24,H,run3,run3,same_batch,22,210001,220000,10000,66.3712,137.0261,72.12816982664498,120.89259441443936,0.9201841688139121,1.1334532165820876,0.8118413317390502
B4-lineage-D10,competition,39C,24,H,run3,run3,same_batch,23,220001,230000,10000,70.9553,135.2157,72.12816982664498,120.89259441443936,0.9837390879393738,1.1184779403150098,0.8795337417761785
B4-lineage-D10,competition,39C,24,H,run3,run3,same_batch,24,230001,240000,10000,70.3697,139.888,72.12816982664498,120.89259441443936,0.9756202073216145,1.1571262960942117,0.8431406412720404
B4-lineage-D10,competition,39C,24,H,run3,run3,same_batch,25,240001,250000,10000,66.3596,137.1,72.12816982664498,120.89259441443936,0.9200233439929318,1.1340645029917964,0.8112619181411651
B4-lineage-D10,competition,39C,24,H,run3,run3,same_batch,26,250001,260000,10000,68.63,134.3013,72.12816982664498,120.89259441443936,0.9515006434371953,1.1109142015729552,0.8565023672304806
B4-lineage-D10,competition,39C,24,H,run3,run3,same_batch,27,260001,270000,10000,70.7899,141.0174,72.12816982664498,120.89259441443936,0.9814459478195355,1.166468472970061,0.8413823181355076
B4-lineage-D10,competition,39C,24,H,run3,run3,same_batch,28,270001,280000,10000,65.1084,139.9334,72.12816982664498,120.89259441443936,0.9026764460609981,1.1575018360536269,0.7798488243773094
B4-lineage-D10,competition,39C,24,H,run3,run3,same_batch,29,280001,290000,10000,68.7766,137.1633,72.12816982664498,120.89259441443936,0.9535331364333763,1.1345881082656066,0.8404222902450469
B4-lineage-D10,competition,39C,24,H,run3,run3,same_batch,30,290001,300000,10000,63.6165,127.766,72.12816982664498,120.89259441443936,0.881992433093725,1.0568554725692916,0.8345440374638341
B4-lineage-D10,competition,39C,24,H,run3,run3,same_batch,31,300001,310000,10000,70.0732,132.7258,72.12816982664498,120.89259441443936,0.9715094694405257,1.097881972364614,0.8848942726949895
B4-lineage-D10,competition,39C,24,H,run3,run3,same_batch,32,310001,316620,6620,57.890030211480365,129.98625377643503,72.12816982664498,120.89259441443936,0.802599460801723,1.0752209794656333,0.7464507074635033
d1,competition,fluct,6,H,run1,run3,different_batch,1,1,10000,10000,123.1669,105.0611,138.85754509522712,120.89259441443936,0.8870018544223388,0.8690449610158383,1.0206627898578577
d1,competition,fluct,6,H,run1,run3,different_batch,2,10001,20000,10000,135.8107,99.3672,138.85754509522712,120.89259441443936,0.9780577634932431,0.8219461289692664,1.1899292776276509
d1,competition,fluct,6,H,run1,run3,different_batch,3,20001,30000,10000,197.2825,145.095,138.85754509522712,120.89259441443936,1.4207546292475906,1.2001975861531342,1.1837672776874884
d1,competition,fluct,6,H,run1,run3,different_batch,4,30001,40000,10000,208.9666,147.9289,138.85754509522712,120.89259441443936,1.5048991385861876,1.2236390551176015,1.2298554318712513
d1,competition,fluct,6,H,run1,run3,different_batch,5,40001,50000,10000,193.6455,144.1371,138.85754509522712,120.89259441443936,1.3945623182895812,1.192274023881684,1.1696659411812962
d1,competition,fluct,6,H,run1,run3,different_batch,6,50001,60000,10000,174.2247,141.2229,138.85754509522712,120.89259441443936,1.2547009950414898,1.1681683289537577,1.074075511159623
d1,competition,fluct,6,H,run1,run3,different_batch,7,60001,70000,10000,191.5753,145.5422,138.85754509522712,120.89259441443936,1.3796535137404278,1.2038967374714271,1.1459899099304371
d1,competition,fluct,6,H,run1,run3,different_batch,8,70001,80000,10000,179.774,149.6732,138.85754509522712,120.89259441443936,1.2946649739249876,1.2380675650561033,1.045714313553089
d1,competition,fluct,6,H,run1,run3,different_batch,9,80001,90000,10000,86.9518,61.457,138.85754509522712,120.89259441443936,0.626194276590223,0.5083603366912242,1.2317921588177927
d1,competition,fluct,6,H,run1,run3,different_batch,10,90001,100000,10000,173.5136,136.7496,138.85754509522712,120.89259441443936,1.249579919341121,1.1311660624239748,1.104683000003905
d1,competition,fluct,6,H,run1,run3,different_batch,11,100001,110000,10000,180.2165,135.7909,138.85754509522712,120.89259441443936,1.2978516930888366,1.1232358827083058,1.1554578277534222
d1,competition,fluct,6,H,run1,run3,different_batch,12,110001,120000,10000,154.6078,104.5867,138.85754509522712,120.89259441443936,1.113427433085984,0.8651208165941073,1.2870195835414462
d1,competition,fluct,6,H,run1,run3,different_batch,13,120001,130000,10000,170.2359,134.5931,138.85754509522712,120.89259441443936,1.2259751523279048,1.1133279143517516,1.1011806463522864
d1,competition,fluct,6,H,run1,run3,different_batch,14,130001,140000,10000,186.6868,138.401,138.85754509522712,120.89259441443936,1.344448368808278,1.1448261216525721,1.174369053413586
d1,competition,fluct,6,H,run1,run3,different_batch,15,140001,150000,10000,158.902,115.995,138.85754509522712,120.89259441443936,1.1443526521445166,0.959488052695357,1.1926700378705553
d1,competition,fluct,6,H,run1,run3,different_batch,16,150001,160000,10000,144.0952,105.287,138.85754509522712,120.89259441443936,1.0377196277032044,0.8709135618271137,1.1915299901015937
d1,competition,fluct,6,H,run1,run3,different_batch,17,160001,170000,10000,176.0704,124.302,138.85754509522712,120.89259441443936,1.2679930347267243,1.0282019391020152,1.2332140083631158
d1,competition,fluct,6,H,run1,run3,different_batch,18,170001,180000,10000,188.1195,130.1631,138.85754509522712,120.89259441443936,1.35476613727392,1.07668381699031,1.258276678719796
d1,competition,fluct,6,H,run1,run3,different_batch,19,180001,190000,10000,183.5024,129.5753,138.85754509522712,120.89259441443936,1.321515513428931,1.0718216498505684,1.2329621384426919
d1,competition,fluct,6,H,run1,run3,different_batch,20,190001,200000,10000,156.2025,117.7677,138.85754509522712,120.89259441443936,1.12491186483873,0.974151481903625,1.1547607181590471
d1,competition,fluct,6,H,run1,run3,different_batch,21,200001,210000,10000,167.5971,114.929,138.85754509522712,120.89259441443936,1.206971503673521,0.9506703082738452,1.2696005052109474
d1,competition,fluct,6,H,run1,run3,different_batch,22,210001,220000,10000,187.1894,137.0261,138.85754509522712,120.89259441443936,1.3480679056483922,1.1334532165820876,1.189345873236367
d1,competition,fluct,6,H,run1,run3,different_batch,23,220001,230000,10000,186.1201,135.2157,138.85754509522712,120.89259441443936,1.3403672077909825,1.1184779403150098,1.1983850190317382
d1,competition,fluct,6,H,run1,run3,different_batch,24,230001,240000,10000,188.6328,139.888,138.85754509522712,120.89259441443936,1.358462731503985,1.1571262960942117,1.1739969406013575
d1,competition,fluct,6,H,run1,run3,different_batch,25,240001,250000,10000,191.6797,137.1,138.85754509522712,120.89259441443936,1.3804053634143392,1.1340645029917964,1.2172194436671515
d1,competition,fluct,6,H,run1,run3,different_batch,26,250001,260000,10000,185.9587,134.3013,138.85754509522712,120.89259441443936,1.3392048654790156,1.1109142015729552,1.2054980155828607
d1,competition,fluct,6,H,run1,run3,different_batch,27,260001,270000,10000,207.1635,141.0174,138.85754509522712,120.89259441443936,1.4919138881357101,1.166468472970061,1.2790006097095794
d1,competition,fluct,6,H,run1,run3,different_batch,28,270001,280000,10000,203.4426,139.9334,138.85754509522712,120.89259441443936,1.4651173608209844,1.1575018360536269,1.2657581311630037
d1,competition,fluct,6,H,run1,run3,different_batch,29,280001,290000,10000,194.4342,137.1633,138.85754509522712,120.89259441443936,1.400242240107723,1.1345881082656066,1.2341414738148542
d1,competition,fluct,6,H,run1,run3,different_batch,30,290001,300000,10000,175.4452,127.766,138.85754509522712,120.89259441443936,1.26349057863353,1.0568554725692916,1.1955187927086128
d1,competition,fluct,6,H,run1,run3,different_batch,31,300001,310000,10000,180.7564,132.7258,138.85754509522712,120.89259441443936,1.301739850549994,1.097881972364614,1.1856828724004926
d1,competition,fluct,6,H,run1,run3,different_batch,32,310001,316620,6620,157.66042296072507,129.98625377643503,138.85754509522712,120.89259441443936,1.1354112796146807,1.0752209794656333,1.0559794696146656
d10,competition,fluct,12,C,run1,run3,different_batch,1,1,10000,10000,69.6439,105.0611,109.17486741128133,120.89259441443936,0.6379114685584085,0.8690449610158383,0.7340373596007568
d10,competition,fluct,12,C,run1,run3,different_batch,2,10001,20000,10000,67.7886,99.3672,109.17486741128133,120.89259441443936,0.620917630654207,0.8219461289692664,0.7554237543923318
d10,competition,fluct,12,C,run1,run3,different_batch,3,20001,30000,10000,93.5598,145.095,109.17486741128133,120.89259441443936,0.8569719590090586,1.2001975861531342,0.7140257311763306
d10,competition,fluct,12,C,run1,run3,different_batch,4,30001,40000,10000,98.8945,147.9289,109.17486741128133,120.89259441443936,0.9058357692109362,1.2236390551176015,0.7402802038905812
d10,competition,fluct,12,C,run1,run3,different_batch,5,40001,50000,10000,92.859,144.1371,109.17486741128133,120.89259441443936,0.8505528992325997,1.192274023881684,0.7133870923929521
d10,competition,fluct,12,C,run1,run3,different_batch,6,50001,60000,10000,92.9189,141.2229,109.17486741128133,120.89259441443936,0.8511015603065293,1.1681683289537577,0.7285778420895884
d10,competition,fluct,12,C,run1,run3,different_batch,7,60001,70000,10000,97.3512,145.5422,109.17486741128133,120.89259441443936,0.8916997318921447,1.2038967374714271,0.7406779204045381
d10,competition,fluct,12,C,run1,run3,different_batch,8,70001,80000,10000,92.771,149.6732,109.17486741128133,120.89259441443936,0.8497468529136379,1.2380675650561033,0.6863493373846131
d10,competition,fluct,12,C,run1,run3,different_batch,9,80001,90000,10000,43.8536,61.457,109.17486741128133,120.89259441443936,0.401682191513873,0.5083603366912242,0.7901525011339605
d10,competition,fluct,12,C,run1,run3,different_batch,10,90001,100000,10000,91.4395,136.7496,109.17486741128133,120.89259441443936,0.837550822530711,1.1311660624239748,0.7404313569449954
d10,competition,fluct,12,C,run1,run3,different_batch,11,100001,110000,10000,94.97,135.7909,109.17486741128133,120.89259441443936,0.8698888512704207,1.1232358827083058,0.7744489511615104
d10,competition,fluct,12,C,run1,run3,different_batch,12,110001,120000,10000,75.7573,104.5867,109.17486741128133,120.89259441443936,0.6939078727213714,0.8651208165941073,0.8020936028949299
d10,competition,fluct,12,C,run1,run3,different_batch,13,120001,130000,10000,90.1679,134.5931,109.17486741128133,120.89259441443936,0.8259034532217139,1.1133279143517516,0.7418330597617379
d10,competition,fluct,12,C,run1,run3,different_batch,14,130001,140000,10000,92.2189,138.401,109.17486741128133,120.89259441443936,0.8446898282238792,1.1448261216525721,0.7378324203544184
d10,competition,fluct,12,C,run1,run3,different_batch,15,140001,150000,10000,81.6378,115.995,109.17486741128133,120.89259441443936,0.7477710020242639,0.959488052695357,0.7793437343212918
d10,competition,fluct,12,C,run1,run3,different_batch,16,150001,160000,10000,78.0839,105.287,109.17486741128133,120.89259441443936,0.7152186382406487,0.8709135618271137,0.8212280409782249
d10,competition,fluct,12,C,run1,run3,different_batch,17,160001,170000,10000,91.0044,124.302,109.17486741128133,120.89259441443936,0.8335654730604809,1.0282019391020152,0.8107021017568583
d10,competition,fluct,12,C,run1,run3,different_batch,18,170001,180000,10000,96.9714,130.1631,109.17486741128133,120.89259441443936,0.8882209092564439,1.07668381699031,0.8249598398713909
d10,competition,fluct,12,C,run1,run3,different_batch,19,180001,190000,10000,93.5178,129.5753,109.17486741128133,120.89259441443936,0.8565872550840996,1.0718216498505684,0.7991882373373627
d10,competition,fluct,12,C,run1,run3,different_batch,20,190001,200000,10000,84.3342,117.7677,109.17486741128133,120.89259441443936,0.7724689940066327,0.974151481903625,0.7929659897422964
d10,competition,fluct,12,C,run1,run3,different_batch,21,200001,210000,10000,82.7082,114.929,109.17486741128133,120.89259441443936,0.7575754563403624,0.9506703082738452,0.7968855761530096
d10,competition,fluct,12,C,run1,run3,different_batch,22,210001,220000,10000,94.3916,137.0261,109.17486741128133,120.89259441443936,0.8645909286466994,1.1334532165820876,0.7627936609980792
d10,competition,fluct,12,C,run1,run3,different_batch,23,220001,230000,10000,94.4981,135.2157,109.17486741128133,120.89259441443936,0.8655664278849883,1.1184779403150098,0.7738788550815843
d10,competition,fluct,12,C,run1,run3,different_batch,24,230001,240000,10000,97.8633,139.888,109.17486741128133,120.89259441443936,0.8963903718914663,1.1571262960942117,0.7746694331614112
d10,competition,fluct,12,C,run1,run3,different_batch,25,240001,250000,10000,92.4845,137.1,109.17486741128133,120.89259441443936,0.8471226225683818,1.1340645029917964,0.7469792241389903
d10,competition,fluct,12,C,run1,run3,different_batch,26,250001,260000,10000,91.758,134.3013,109.17486741128133,120.89259441443936,0.8404681606283169,1.1109142015729552,0.7565554202460362
d10,competition,fluct,12,C,run1,run3,different_batch,27,260001,270000,10000,92.0768,141.0174,109.17486741128133,120.89259441443936,0.8433882466111011,1.166468472970061,0.7230270394395373
d10,competition,fluct,12,C,run1,run3,different_batch,28,270001,280000,10000,100.7733,139.9334,109.17486741128133,120.89259441443936,0.9230448581207696,1.1575018360536269,0.7974456967323593
d10,competition,fluct,12,C,run1,run3,different_batch,29,280001,290000,10000,94.8126,137.1633,109.17486741128133,120.89259441443936,0.8684471275135505,1.1345881082656066,0.765429428694706
d10,competition,fluct,12,C,run1,run3,different_batch,30,290001,300000,10000,85.7735,127.766,109.17486741128133,120.89259441443936,0.7856524311302877,1.0568554725692916,0.7433868220602673
d10,competition,fluct,12,C,run1,run3,different_batch,31,300001,310000,10000,88.1102,132.7258,109.17486741128133,120.89259441443936,0.8070557087839004,1.097881972364614,0.7351024327739591
d10,competition,fluct,12,C,run1,run3,different_batch,32,310001,316620,6620,82.63882175226586,129.98625377643503,109.17486741128133,120.89259441443936,0.7569399781448837,1.0752209794656333,0.7039854993538817
d20,competition,fluct,24,C,run1,run3,different_batch,1,1,10000,10000,9.773,105.0611,16.60189543099635,120.89259441443936,0.5886677241535595,0.8690449610158383,0.6773731516324056
d20,competition,fluct,24,C,run1,run3,different_batch,2,10001,20000,10000,8.1238,99.3672,16.60189543099635,120.89259441443936,0.48932966923960775,0.8219461289692664,0.5953305843209395
d20,competition,fluct,24,C,run1,run3,different_batch,3,20001,30000,10000,15.8461,145.095,16.60189543099635,120.89259441443936,0.9544753528813793,1.2001975861531342,0.7952651829109719
d20,competition,fluct,24,C,run1,run3,different_batch,4,30001,40000,10000,13.8024,147.9289,16.60189543099635,120.89259441443936,0.8313749509727913,1.2236390551176015,0.6794282574552915
d20,competition,fluct,24,C,run1,run3,different_batch,5,40001,50000,10000,13.053,144.1371,16.60189543099635,120.89259441443936,0.7862355267959085,1.192274023881684,0.6594419663997737
d20,competition,fluct,24,C,run1,run3,different_batch,6,50001,60000,10000,12.8493,141.2229,16.60189543099635,120.89259441443936,0.7739658434427844,1.1681683289537577,0.6625465048654149
d20,competition,fluct,24,C,run1,run3,different_batch,7,60001,70000,10000,12.5743,145.5422,16.60189543099635,120.89259441443936,0.7574014697456363,1.2038967374714271,0.6291249458291784
d20,competition,fluct,24,C,run1,run3,different_batch,8,70001,80000,10000,12.8335,149.6732,16.60189543099635,120.89259441443936,0.7730141448812756,1.2380675650561033,0.6243715340739472
d20,competition,fluct,24,C,run1,run3,different_batch,9,80001,90000,10000,6.4323,61.457,16.60189543099635,120.89259441443936,0.3874437124806038,0.5083603366912242,0.7621438663023299
d20,competition,fluct,24,C,run1,run3,different_batch,10,90001,100000,10000,12.7747,136.7496,16.60189543099635,120.89259441443936,0.7694723806143944,1.1311660624239748,0.680247053174043
d20,competition,fluct,24,C,run1,run3,different_batch,11,100001,110000,10000,12.836,135.7909,16.60189543099635,120.89259441443936,0.7731647300967042,1.1232358827083058,0.6883369219228265
d20,competition,fluct,24,C,run1,run3,different_batch,12,110001,120000,10000,10.2294,104.5867,16.60189543099635,120.89259441443936,0.6161585610822083,0.8651208165941073,0.712222558125421
d20,competition,fluct,24,C,run1,run3,different_batch,13,120001,130000,10000,12.1545,134.5931,16.60189543099635,120.89259441443936,0.7321152003708625,1.1133279143517516,0.657591704055265
d20,competition,fluct,24,C,run1,run3,different_batch,14,130001,140000,10000,13.7652,138.401,16.60189543099635,120.89259441443936,0.8291342429672135,1.1448261216525721,0.7242446929585664
d20,competition,fluct,24,C,run1,run3,different_batch,15,140001,150000,10000,12.2193,115.995,16.60189543099635,120.89259441443936,0.7360183691547724,0.959488052695357,0.7670948763636795
d20,competition,fluct,24,C,run1,run3,different_batch,16,150001,160000,10000,11.6563,105.287,16.60189543099635,120.89259441443936,0.7021065786402472,0.8709135618271137,0.8061725174738104
d20,competition,fluct,24,C,run1,run3,different_batch,17,160001,170000,10000,12.5981,124.302,16.60189543099635,120.89259441443936,0.7588350409965168,1.0282019391020152,0.7380214062417046
d20,competition,fluct,24,C,run1,run3,different_batch,18,170001,180000,10000,14.0489,130.1631,16.60189543099635,120.89259441443936,0.8462226532140532,1.07668381699031,0.7859527930674463
d20,competition,fluct,24,C,run1,run3,different_batch,19,180001,190000,10000,14.4415,129.5753,16.60189543099635,120.89259441443936,0.8698705554449636,1.0718216498505684,0.8115814376078703
d20,competition,fluct,24,C,run1,run3,different_batch,20,190001,200000,10000,11.9242,117.7677,16.60189543099635,120.89259441443936,0.7182432903255781,0.974151481903625,0.7373014399383068
d20,competition,fluct,24,C,run1,run3,different_batch,21,200001,210000,10000,11.5095,114.929,16.60189543099635,120.89259441443936,0.6932642147902787,0.9506703082738452,0.7292372642299674
d20,competition,fluct,24,C,run1,run3,different_batch,22,210001,220000,10000,11.5375,137.0261,16.60189543099635,120.89259441443936,0.6949507692030792,1.1334532165820876,0.6131269990116518
d20,competition,fluct,24,C,run1,run3,different_batch,23,220001,230000,10000,13.3813,135.2157,16.60189543099635,120.89259441443936,0.8060103772859947,1.1184779403150098,0.7206314476430252
d20,competition,fluct,24,C,run1,run3,different_batch,24,230001,240000,10000,12.4565,139.888,16.60189543099635,120.89259441443936,0.7503058943946398,1.1571262960942117,0.6484217815524874
d20,competition,fluct,24,C,run1,run3,different_batch,25,240001,250000,10000,14.0889,137.1,16.60189543099635,120.89259441443936,0.8486320166609113,1.1340645029917964,0.7483101837877119
d20,competition,fluct,24,C,run1,run3,different_batch,26,250001,260000,10000,14.541,134.3013,16.60189543099635,120.89259441443936,0.8758638470190228,1.1109142015729552,0.7884171844944262
d20,competition,fluct,24,C,run1,run3,different_batch,27,260001,270000,10000,12.2093,141.0174,16.60189543099635,120.89259441443936,0.7354160282930579,1.166468472970061,0.6304636990492698
d20,competition,fluct,24,C,run1,run3,different_batch,28,270001,280000,10000,14.0873,139.9334,16.60189543099635,120.89259441443936,0.8485356421230369,1.1575018360536269,0.733074985881685
d20,competition,fluct,24,C,run1,run3,different_batch,29,280001,290000,10000,13.2245,137.1633,16.60189543099635,120.89259441443936,0.7965656725743118,1.1345881082656066,0.7020747589113953
d20,competition,fluct,24,C,run1,run3,different_batch,30,290001,300000,10000,13.5812,127.766,16.60189543099635,120.89259441443936,0.8180511711116671,1.0568554725692916,0.7740426125844113
d20,competition,fluct,24,C,run1,run3,different_batch,31,300001,310000,10000,13.7877,132.7258,16.60189543099635,120.89259441443936,0.8304895099060711,1.097881972364614,0.7564469868444655
d20,competition,fluct,24,C,run1,run3,different_batch,32,310001,316620,6620,13.08595166163142,129.98625377643503,16.60189543099635,120.89259441443936,0.7882203400221077,1.0752209794656333,0.7330775301778802
D4-lineage-D1,competition,fluct2,6,H,run3,run3,same_batch,1,1,10000,10000,116.2097,105.0611,110.59075792111835,120.89259441443936,1.0508084236378008,0.8690449610158383,1.2091531172443561
D4-lineage-D1,competition,fluct2,6,H,run3,run3,same_batch,2,10001,20000,10000,118.6261,99.3672,110.59075792111835,120.89259441443936,1.0726583507512721,0.8219461289692664,1.30502269302783
D4-lineage-D1,competition,fluct2,6,H,run3,run3,same_batch,3,20001,30000,10000,166.0403,145.095,110.59075792111835,120.89259441443936,1.5013939963991605,1.2001975861531342,1.2509556873976218
D4-lineage-D1,competition,fluct2,6,H,run3,run3,same_batch,4,30001,40000,10000,178.5722,147.9289,110.59075792111835,120.89259441443936,1.6147117838488017,1.2236390551176015,1.3195981095042892
D4-lineage-D1,competition,fluct2,6,H,run3,run3,same_batch,5,40001,50000,10000,177.2816,144.1371,110.59075792111835,120.89259441443936,1.6030417309053129,1.192274023881684,1.3445245797491194
D4-lineage-D1,competition,fluct2,6,H,run3,run3,same_batch,6,50001,60000,10000,165.9604,141.2229,110.59075792111835,120.89259441443936,1.500671512879724,1.1681683289537577,1.284636362487044
D4-lineage-D1,competition,fluct2,6,H,run3,run3,same_batch,7,60001,70000,10000,167.4293,145.5422,110.59075792111835,120.89259441443936,1.5139538162802282,1.2038967374714271,1.257544579329969
D4-lineage-D1,competition,fluct2,6,H,run3,run3,same_batch,8,70001,80000,10000,157.3898,149.6732,110.59075792111835,120.89259441443936,1.4231731743104812,1.2380675650561033,1.149511718486858
D4-lineage-D1,competition,fluct2,6,H,run3,run3,same_batch,9,80001,90000,10000,70.8565,61.457,110.59075792111835,120.89259441443936,0.640709055005665,0.5083603366912242,1.2603443045455942
D4-lineage-D1,competition,fluct2,6,H,run3,run3,same_batch,10,90001,100000,10000,147.8701,136.7496,110.59075792111835,120.89259441443936,1.3370927442731886,1.1311660624239748,1.1820481436721446
D4-lineage-D1,competition,fluct2,6,H,run3,run3,same_batch,11,100001,110000,10000,166.8599,135.7909,110.59075792111835,120.89259441443936,1.508805103940214,1.1232358827083058,1.3432664742709586
D4-lineage-D1,competition,fluct2,6,H,run3,run3,same_batch,12,110001,120000,10000,127.1286,104.5867,110.59075792111835,120.89259441443936,1.1495409054948125,0.8651208165941073,1.3287634321648139
D4-lineage-D1,competition,fluct2,6,H,run3,run3,same_batch,13,120001,130000,10000,155.9058,134.5931,110.59075792111835,120.89259441443936,1.4097543314713852,1.1133279143517516,1.266252568806048
D4-lineage-D1,competition,fluct2,6,H,run3,run3,same_batch,14,130001,140000,10000,160.502,138.401,110.59075792111835,120.89259441443936,1.451314766415491,1.1448261216525721,1.2677163273672498
D4-lineage-D1,competition,fluct2,6,H,run3,run3,same_batch,15,140001,150000,10000,134.603,115.995,110.59075792111835,120.89259441443936,1.2171270233631004,0.959488052695357,1.2685171221715517
D4-lineage-D1,competition,fluct2,6,H,run3,run3,same_batch,16,150001,160000,10000,125.7992,105.287,110.59075792111835,120.89259441443936,1.137520009490571,0.8709135618271137,1.30612274208262
D4-lineage-D1,competition,fluct2,6,H,run3,run3,same_batch,17,160001,170000,10000,152.6485,124.302,110.59075792111835,120.89259441443936,1.3803006948273238,1.0282019391020152,1.3424412484893926
D4-lineage-D1,competition,fluct2,6,H,run3,run3,same_batch,18,170001,180000,10000,164.4888,130.1631,110.59075792111835,120.89259441443936,1.487364795142518,1.07668381699031,1.3814313651524903
D4-lineage-D1,competition,fluct2,6,H,run3,run3,same_batch,19,180001,190000,10000,151.8717,129.5753,110.59075792111835,120.89259441443936,1.3732765997347294,1.0718216498505684,1.2812547683900481
D4-lineage-D1,competition,fluct2,6,H,run3,run3,same_batch,20,190001,200000,10000,134.3218,117.7677,110.59075792111835,120.89259441443936,1.2145843154073364,0.974151481903625,1.2468125727570345
D4-lineage-D1,competition,fluct2,6,H,run3,run3,same_batch,21,200001,210000,10000,141.1322,114.929,110.59075792111835,120.89259441443936,1.2761663149163522,0.9506703082738452,1.3423857922243494
D4-lineage-D1,competition,fluct2,6,H,run3,run3,same_batch,22,210001,220000,10000,165.9512,137.0261,110.59075792111835,120.89259441443936,1.500588323287999,1.1334532165820876,1.3239084783869617
D4-lineage-D1,competition,fluct2,6,H,run3,run3,same_batch,23,220001,230000,10000,162.8387,135.2157,110.59075792111835,120.89259441443936,1.4724440184789112,1.1184779403150098,1.316471219865284
D4-lineage-D1,competition,fluct2,6,H,run3,run3,same_batch,24,230001,240000,10000,164.1282,139.888,110.59075792111835,120.89259441443936,1.4841041248407807,1.1571262960942117,1.282577476503867
D4-lineage-D1,competition,fluct2,6,H,run3,run3,same_batch,25,240001,250000,10000,159.3244,137.1,110.59075792111835,120.89259441443936,1.4406664986747098,1.1340645029917964,1.2703567520842607
D4-lineage-D1,competition,fluct2,6,H,run3,run3,same_batch,26,250001,260000,10000,164.7888,134.3013,110.59075792111835,120.89259441443936,1.4900774992205024,1.1109142015729552,1.3413074539065986
D4-lineage-D1,competition,fluct2,6,H,run3,run3,same_batch,27,260001,270000,10000,170.1701,141.0174,110.59075792111835,120.89259441443936,1.5387370807366934,1.166468472970061,1.3191415939590398
D4-lineage-D1,competition,fluct2,6,H,run3,run3,same_batch,28,270001,280000,10000,165.1594,139.9334,110.59075792111835,120.89259441443936,1.4934285929915059,1.1575018360536269,1.2902170402452091
D4-lineage-D1,competition,fluct2,6,H,run3,run3,same_batch,29,280001,290000,10000,162.1114,137.1633,110.59075792111835,120.89259441443936,1.4658675195591846,1.1345881082656066,1.2919820936603943
D4-lineage-D1,competition,fluct2,6,H,run3,run3,same_batch,30,290001,300000,10000,153.4527,127.766,110.59075792111835,120.89259441443936,1.387572550225707,1.0568554725692916,1.3129255477595423
D4-lineage-D1,competition,fluct2,6,H,run3,run3,same_batch,31,300001,310000,10000,158.7134,132.7258,110.59075792111835,120.89259441443936,1.4351416247025484,1.097881972364614,1.3071911743040519
D4-lineage-D1,competition,fluct2,6,H,run3,run3,same_batch,32,310001,316620,6620,150.14577039274926,129.98625377643503,110.59075792111835,120.89259441443936,1.3576701454550526,1.0752209794656333,1.2626894111848448
D4-lineage-D10,competition,fluct2,12,C,run3,run3,same_batch,1,1,10000,10000,63.9887,105.0611,88.9211245425175,120.89259441443936,0.7196119069479817,0.8690449610158383,0.8280491104934522
D4-lineage-D10,competition,fluct2,12,C,run3,run3,same_batch,2,10001,20000,10000,60.9823,99.3672,88.9211245425175,120.89259441443936,0.6858021680870827,0.8219461289692664,0.8343638882357042
D4-lineage-D10,competition,fluct2,12,C,run3,run3,same_batch,3,20001,30000,10000,87.8835,145.095,88.9211245425175,120.89259441443936,0.9883309556884724,1.2001975861531342,0.8234735405994813
D4-lineage-D10,competition,fluct2,12,C,run3,run3,same_batch,4,30001,40000,10000,84.7231,147.9289,88.9211245425175,120.89259441443936,0.9527893448928413,1.2236390551176015,0.7786522838642729
D4-lineage-D10,competition,fluct2,12,C,run3,run3,same_batch,5,40001,50000,10000,92.013,144.1371,88.9211245425175,120.89259441443936,1.034770989159096,1.192274023881684,0.867896950224743
D4-lineage-D10,competition,fluct2,12,C,run3,run3,same_batch,6,50001,60000,10000,86.7109,141.2229,88.9211245425175,120.89259441443936,0.9751439879568696,1.1681683289537577,0.834763247545184
D4-lineage-D10,competition,fluct2,12,C,run3,run3,same_batch,7,60001,70000,10000,88.684,145.5422,88.9211245425175,120.89259441443936,0.9973333159725828,1.2038967374714271,0.8284209807456623
D4-lineage-D10,competition,fluct2,12,C,run3,run3,same_batch,8,70001,80000,10000,91.4191,149.6732,88.9211245425175,120.89259441443936,1.0280920362887234,1.2380675650561033,0.8304005898435237
D4-lineage-D10,competition,fluct2,12,C,run3,run3,same_batch,9,80001,90000,10000,38.5553,61.457,88.9211245425175,120.89259441443936,0.4335898831504863,0.5083603366912242,0.8529183963733326
D4-lineage-D10,competition,fluct2,12,C,run3,run3,same_batch,10,90001,100000,10000,79.2994,136.7496,88.9211245425175,120.89259441443936,0.891794839617476,1.1311660624239748,0.7883854274291519
D4-lineage-D10,competition,fluct2,12,C,run3,run3,same_batch,11,100001,110000,10000,87.2515,135.7909,88.9211245425175,120.89259441443936,0.9812235332030784,1.1232358827083058,0.8735685427331503
D4-lineage-D10,competition,fluct2,12,C,run3,run3,same_batch,12,110001,120000,10000,71.8789,104.5867,88.9211245425175,120.89259441443936,0.8083444779831952,0.8651208165941073,0.9343717807711126
D4-lineage-D10,competition,fluct2,12,C,run3,run3,same_batch,13,120001,130000,10000,88.8897,134.5931,88.9211245425175,120.89259441443936,0.9996466020568321,1.1133279143517516,0.8978905398585
D4-lineage-D10,competition,fluct2,12,C,run3,run3,same_batch,14,130001,140000,10000,87.0618,138.401,88.9211245425175,120.89259441443936,0.979090181865295,1.1448261216525721,0.8552304698044144
D4-lineage-D10,competition,fluct2,12,C,run3,run3,same_batch,15,140001,150000,10000,72.9802,115.995,88.9211245425175,120.89259441443936,0.8207296115008602,0.959488052695357,0.8553828358730451
D4-lineage-D10,competition,fluct2,12,C,run3,run3,same_batch,16,150001,160000,10000,68.4555,105.287,88.9211245425175,120.89259441443936,0.7698451897925347,0.8709135618271137,0.8839513167959575
D4-lineage-D10,competition,fluct2,12,C,run3,run3,same_batch,17,160001,170000,10000,79.5124,124.302,88.9211245425175,120.89259441443936,0.8941902209298002,1.0282019391020152,0.869664009494813
D4-lineage-D10,competition,fluct2,12,C,run3,run3,same_batch,18,170001,180000,10000,85.0823,130.1631,88.9211245425175,120.89259441443936,0.9568288799509955,1.07668381699031,0.888681398245263
D4-lineage-D10,competition,fluct2,12,C,run3,run3,same_batch,19,180001,190000,10000,82.0103,129.5753,88.9211245425175,120.89259441443936,0.9222814086295872,1.0718216498505684,0.8604802942338122
D4-lineage-D10,competition,fluct2,12,C,run3,run3,same_batch,20,190001,200000,10000,71.0309,117.7677,88.9211245425175,120.89259441443936,0.7988079364205148,0.974151481903625,0.8200038200009049
D4-lineage-D10,competition,fluct2,12,C,run3,run3,same_batch,21,200001,210000,10000,72.0147,114.929,88.9211245425175,120.89259441443936,0.8098716741438227,0.9506703082738452,0.8518954122111229
D4-lineage-D10,competition,fluct2,12,C,run3,run3,same_batch,22,210001,220000,10000,86.4959,137.0261,88.9211245425175,120.89259441443936,0.9727261148012374,1.1334532165820876,0.858196968847536
D4-lineage-D10,competition,fluct2,12,C,run3,run3,same_batch,23,220001,230000,10000,83.0735,135.2157,88.9211245425175,120.89259441443936,0.9342380725322308,1.1184779403150098,0.8352762614782645
D4-lineage-D10,competition,fluct2,12,C,run3,run3,same_batch,24,230001,240000,10000,86.8237,139.888,88.9211245425175,120.89259441443936,0.9764125279194527,1.1571262960942117,0.8438253725762312
D4-lineage-D10,competition,fluct2,12,C,run3,run3,same_batch,25,240001,250000,10000,85.1173,137.1,88.9211245425175,120.89259441443936,0.9572224872088891,1.1340645029917964,0.844063529617251
D4-lineage-D10,competition,fluct2,12,C,run3,run3,same_batch,26,250001,260000,10000,86.9429,134.3013,88.9211245425175,120.89259441443936,0.9777530417806218,1.1109142015729552,0.8801337136533235
D4-lineage-D10,competition,fluct2,12,C,run3,run3,same_batch,27,260001,270000,10000,89.1054,141.0174,88.9211245425175,120.89259441443936,1.0020723473576225,1.166468472970061,0.8590650931234745
D4-lineage-D10,competition,fluct2,12,C,run3,run3,same_batch,28,270001,280000,10000,83.4532,139.9334,88.9211245425175,120.89259441443936,0.9385081489842941,1.1575018360536269,0.8108048901106133
D4-lineage-D10,competition,fluct2,12,C,run3,run3,same_batch,29,280001,290000,10000,85.705,137.1633,88.9211245425175,120.89259441443936,0.9638317153650062,1.1345881082656066,0.8494992220907127
D4-lineage-D10,competition,fluct2,12,C,run3,run3,same_batch,30,290001,300000,10000,76.339,127.766,88.9211245425175,120.89259441443936,0.8585024131526656,1.0568554725692916,0.8123177060961653
D4-lineage-D10,competition,fluct2,12,C,run3,run3,same_batch,31,300001,310000,10000,85.1015,132.7258,88.9211245425175,120.89259441443936,0.9570448016467543,1.097881972364614,0.8717192063783276
D4-lineage-D10,competition,fluct2,12,C,run3,run3,same_batch,32,310001,316620,6620,79.82099697885197,129.98625377643503,88.9211245425175,120.89259441443936,0.8976606783766626,1.0752209794656333,0.8348615731277721
D4-lineage-20,competition,fluct2,24,C,run3,run3,same_batch,1,1,10000,10000,4.5387,105.0611,5.320734293493699,120.89259441443936,0.8530213593920699,0.8690449610158383,0.9815618266688548
D4-lineage-20,competition,fluct2,24,C,run3,run3,same_batch,2,10001,20000,10000,3.9071,99.3672,5.320734293493699,120.89259441443936,0.7343159392074285,0.8219461289692664,0.8933869426798962
D4-lineage-20,competition,fluct2,24,C,run3,run3,same_batch,3,20001,30000,10000,6.065,145.095,5.320734293493699,120.89259441443936,1.1398802619060313,1.2001975861531342,0.9497438380621714
D4-lineage-20,competition,fluct2,24,C,run3,run3,same_batch,4,30001,40000,10000,5.7478,147.9289,5.320734293493699,120.89259441443936,1.0802644302363538,1.2236390551176015,0.8828293161438294
D4-lineage-20,competition,fluct2,24,C,run3,run3,same_batch,5,40001,50000,10000,6.9211,144.1371,5.320734293493699,120.89259441443936,1.3007791064596592,1.192274023881684,1.0910068326614342
D4-lineage-20,competition,fluct2,24,C,run3,run3,same_batch,6,50001,60000,10000,5.9948,141.2229,5.320734293493699,120.89259441443936,1.1266865942414304,1.1681683289537577,0.964489933784218
D4-lineage-20,competition,fluct2,24,C,run3,run3,same_batch,7,60001,70000,10000,5.9406,145.5422,5.320734293493699,120.89259441443936,1.1165000303180492,1.2038967374714271,0.9274051466100496
D4-lineage-20,competition,fluct2,24,C,run3,run3,same_batch,8,70001,80000,10000,6.208,149.6732,5.320734293493699,120.89259441443936,1.1667562515931809,1.2380675650561033,0.942401113254517
D4-lineage-20,competition,fluct2,24,C,run3,run3,same_batch,9,80001,90000,10000,2.8256,61.457,5.320734293493699,120.89259441443936,0.5310545206993704,0.5083603366912242,1.0446419249697103
D4-lineage-20,competition,fluct2,24,C,run3,run3,same_batch,10,90001,100000,10000,6.6641,136.7496,5.320734293493699,120.89259441443936,1.2524775026163204,1.1311660624239748,1.1072445896514853
D4-lineage-20,competition,fluct2,24,C,run3,run3,same_batch,11,100001,110000,10000,5.8013,135.7909,5.320734293493699,120.89259441443936,1.0903194333710569,1.1232358827083058,0.9706949805967007
D4-lineage-20,competition,fluct2,24,C,run3,run3,same_batch,12,110001,120000,10000,4.2102,104.5867,5.320734293493699,120.89259441443936,0.7912817607051563,0.8651208165941073,0.914648850804853
D4-lineage-20,competition,fluct2,24,C,run3,run3,same_batch,13,120001,130000,10000,6.2964,134.5931,5.320734293493699,120.89259441443936,1.183370499763419,1.1133279143517516,1.0629128080853434
D4-lineage-20,competition,fluct2,24,C,run3,run3,same_batch,14,130001,140000,10000,5.5974,138.401,5.320734293493699,120.89259441443936,1.0519976550688903,1.1448261216525721,0.9189147899161467
D4-lineage-20,competition,fluct2,24,C,run3,run3,same_batch,15,140001,150000,10000,5.222,115.995,5.320734293493699,120.89259441443936,0.9814434835405269,0.959488052695357,1.022882443177373
D4-lineage-20,competition,fluct2,24,C,run3,run3,same_batch,16,150001,160000,10000,3.8978,105.287,5.320734293493699,120.89259441443936,0.7325680601578448,0.8709135618271137,0.8411489868420122
D4-lineage-20,competition,fluct2,24,C,run3,run3,same_batch,17,160001,170000,10000,6.1174,124.302,5.320734293493699,120.89259441443936,1.149728526658525,1.0282019391020152,1.1181933071072068
D4-lineage-20,competition,fluct2,24,C,run3,run3,same_batch,18,170001,180000,10000,6.0853,130.1631,5.320734293493699,120.89259441443936,1.1436955247777034,1.07668381699031,1.0622389848625324
D4-lineage-20,competition,fluct2,24,C,run3,run3,same_batch,19,180001,190000,10000,6.3019,129.5753,5.320734293493699,120.89259441443936,1.184404191674463,1.0718216498505684,1.1050385032244783
D4-lineage-20,competition,fluct2,24,C,run3,run3,same_batch,20,190001,200000,10000,5.7633,117.7677,5.320734293493699,120.89259441443936,1.0831775619856603,0.974151481903625,1.1119190209196042
D4-lineage-20,competition,fluct2,24,C,run3,run3,same_batch,21,200001,210000,10000,4.3944,114.929,5.320734293493699,120.89259441443936,0.8259010425259462,0.9506703082738452,0.8687565345609188
D4-lineage-20,competition,fluct2,24,C,run3,run3,same_batch,22,210001,220000,10000,6.0503,137.0261,5.320734293493699,120.89259441443936,1.1371174853437858,1.1334532165820876,1.003232836351859
D4-lineage-20,competition,fluct2,24,C,run3,run3,same_batch,23,220001,230000,10000,5.0763,135.2157,5.320734293493699,120.89259441443936,0.9540600450970463,1.1184779403150098,0.8529985355172436
D4-lineage-20,competition,fluct2,24,C,run3,run3,same_batch,24,230001,240000,10000,6.0059,139.888,5.320734293493699,120.89259441443936,1.1287727724619014,1.1571262960942117,0.975496604192632
D4-lineage-20,competition,fluct2,24,C,run3,run3,same_batch,25,240001,250000,10000,6.1839,137.1,5.320734293493699,120.89259441443936,1.1622268015829689,1.1340645029917964,1.0248330659471987
D4-lineage-20,competition,fluct2,24,C,run3,run3,same_batch,26,250001,260000,10000,5.0996,134.3013,5.320734293493699,120.89259441443936,0.9584391399201972,1.1109142015729552,0.8627481209288108
D4-lineage-20,competition,fluct2,24,C,run3,run3,same_batch,27,260001,270000,10000,6.2449,141.0174,5.320734293493699,120.89259441443936,1.1736913845963683,1.166468472970061,1.006192119027372
D4-lineage-20,competition,fluct2,24,C,run3,run3,same_batch,28,270001,280000,10000,6.6192,139.9334,5.320734293493699,120.89259441443936,1.244038817742523,1.1575018360536269,1.0747618526325058
D4-lineage-20,competition,fluct2,24,C,run3,run3,same_batch,29,280001,290000,10000,5.4409,137.1633,5.320734293493699,120.89259441443936,1.0225844216000866,1.1345881082656066,0.901282513143263
D4-lineage-20,competition,fluct2,24,C,run3,run3,same_batch,30,290001,300000,10000,4.9223,127.766,5.320734293493699,120.89259441443936,0.9251166715878083,1.0568554725692916,0.8753483286970007
D4-lineage-20,competition,fluct2,24,C,run3,run3,same_batch,31,300001,310000,10000,6.1321,132.7258,5.320734293493699,120.89259441443936,1.1524913032207706,1.097881972364614,1.049740620786895
D4-lineage-20,competition,fluct2,24,C,run3,run3,same_batch,32,310001,316620,6620,5.541691842900302,129.98625377643503,5.320734293493699,120.89259441443936,1.041527642091956,1.0752209794656333,0.9686638021233342
1638,edited_founder,founder,0,B,run3,run3,same_batch,1,1,10000,10000,154.5734,105.0611,100.83050393382531,120.89259441443936,1.5330023551349694,0.8690449610158383,1.7640081053378671
1638,edited_founder,founder,0,B,run3,run3,same_batch,2,10001,20000,10000,148.4695,99.3672,100.83050393382531,120.89259441443936,1.4724661110237036,0.8219461289692664,1.7914387076318488
1638,edited_founder,founder,0,B,run3,run3,same_batch,3,20001,30000,10000,217.0336,145.095,100.83050393382531,120.89259441443936,2.1524597372084777,1.2001975861531342,1.793421151685139
1638,edited_founder,founder,0,B,run3,run3,same_batch,4,30001,40000,10000,212.4086,147.9289,100.83050393382531,120.89259441443936,2.106590681520376,1.2236390551176015,1.721578493845896
1638,edited_founder,founder,0,B,run3,run3,same_batch,5,40001,50000,10000,214.5161,144.1371,100.83050393382531,120.89259441443936,2.1274920944636566,1.192274023881684,1.784398596169348
1638,edited_founder,founder,0,B,run3,run3,same_batch,6,50001,60000,10000,206.4173,141.2229,100.83050393382531,120.89259441443936,2.047171162959484,1.1681683289537577,1.7524624766988715
1638,edited_founder,founder,0,B,run3,run3,same_batch,7,60001,70000,10000,204.6465,145.5422,100.83050393382531,120.89259441443936,2.029609017270297,1.2038967374714271,1.685866365526609
1638,edited_founder,founder,0,B,run3,run3,same_batch,8,70001,80000,10000,209.0112,149.6732,100.83050393382531,120.89259441443936,2.072896512916104,1.2380675650561033,1.6742999909073382
1638,edited_founder,founder,0,B,run3,run3,same_batch,9,80001,90000,10000,83.6323,61.457,100.83050393382531,120.89259441443936,0.8294345137349266,0.5083603366912242,1.6315877810874957
1638,edited_founder,founder,0,B,run3,run3,same_batch,10,90001,100000,10000,189.0963,136.7496,100.83050393382531,120.89259441443936,1.8753878302949196,1.1311660624239748,1.6579244132167055
1638,edited_founder,founder,0,B,run3,run3,same_batch,11,100001,110000,10000,195.9361,135.7909,100.83050393382531,120.89259441443936,1.9432224610182665,1.1232358827083058,1.7300217086484442
1638,edited_founder,founder,0,B,run3,run3,same_batch,12,110001,120000,10000,151.7483,104.5867,100.83050393382531,120.89259441443936,1.5049840482756274,0.8651208165941073,1.739622974511926
1638,edited_founder,founder,0,B,run3,run3,same_batch,13,120001,130000,10000,192.5036,134.5931,100.83050393382531,120.89259441443936,1.909180183472448,1.1133279143517516,1.7148408468533647
1638,edited_founder,founder,0,B,run3,run3,same_batch,14,130001,140000,10000,190.3894,138.401,100.83050393382531,120.89259441443936,1.8882123223836296,1.1448261216525721,1.6493441988010977
1638,edited_founder,founder,0,B,run3,run3,same_batch,15,140001,150000,10000,163.114,115.995,100.83050393382531,120.89259441443936,1.617704897191143,0.959488052695357,1.6860083798300025
1638,edited_founder,founder,0,B,run3,run3,same_batch,16,150001,160000,10000,149.7231,105.287,100.83050393382531,120.89259441443936,1.484898856582753,0.8709135618271137,1.7049899343254487
1638,edited_founder,founder,0,B,run3,run3,same_batch,17,160001,170000,10000,175.883,124.302,100.83050393382531,120.89259441443936,1.744343161424953,1.0282019391020152,1.696498610913322
1638,edited_founder,founder,0,B,run3,run3,same_batch,18,170001,180000,10000,187.3864,130.1631,100.83050393382531,120.89259441443936,1.858429668495766,1.07668381699031,1.7260681726327942
1638,edited_founder,founder,0,B,run3,run3,same_batch,19,180001,190000,10000,185.151,129.5753,100.83050393382531,120.89259441443936,1.8362597902070779,1.0718216498505684,1.7132139385905165
1638,edited_founder,founder,0,B,run3,run3,same_batch,20,190001,200000,10000,161.1179,117.7677,100.83050393382531,120.89259441443936,1.5979083086378412,0.974151481903625,1.6403078354049312
1638,edited_founder,founder,0,B,run3,run3,same_batch,21,200001,210000,10000,163.1124,114.929,100.83050393382531,120.89259441443936,1.6176890289772832,0.9506703082738452,1.7016299077590418
1638,edited_founder,founder,0,B,run3,run3,same_batch,22,210001,220000,10000,194.0468,137.0261,100.83050393382531,120.89259441443936,1.9244850757400973,1.1334532165820876,1.6978954645727287
1638,edited_founder,founder,0,B,run3,run3,same_batch,23,220001,230000,10000,191.0358,135.2157,100.83050393382531,120.89259441443936,1.8946230807829354,1.1184779403150098,1.693929770532024
1638,edited_founder,founder,0,B,run3,run3,same_batch,24,230001,240000,10000,190.1955,139.888,100.83050393382531,120.89259441443936,1.8862892932165114,1.1571262960942117,1.6301498804266499
1638,edited_founder,founder,0,B,run3,run3,same_batch,25,240001,250000,10000,196.433,137.1,100.83050393382531,120.89259441443936,1.9481505331850593,1.1340645029917964,1.7178480836368721
1638,edited_founder,founder,0,B,run3,run3,same_batch,26,250001,260000,10000,195.6089,134.3013,100.83050393382531,120.89259441443936,1.9399774112839643,1.1109142015729552,1.7462891450457017
1638,edited_founder,founder,0,B,run3,run3,same_batch,27,260001,270000,10000,206.8515,141.0174,100.83050393382531,120.89259441443936,2.0514773994956514,1.166468472970061,1.7587079694251673
1638,edited_founder,founder,0,B,run3,run3,same_batch,28,270001,280000,10000,198.537,139.9334,100.83050393382531,120.89259441443936,1.9690172344105223,1.1575018360536269,1.7010921046342928
1638,edited_founder,founder,0,B,run3,run3,same_batch,29,280001,290000,10000,203.5055,137.1633,100.83050393382531,120.89259441443936,2.0182929972616215,1.1345881082656066,1.7788772705778615
1638,edited_founder,founder,0,B,run3,run3,same_batch,30,290001,300000,10000,180.0493,127.766,100.83050393382531,120.89259441443936,1.7856629985521613,1.0568554725692916,1.6895999925241303
1638,edited_founder,founder,0,B,run3,run3,same_batch,31,300001,310000,10000,193.2083,132.7258,100.83050393382531,120.89259441443936,1.9161691399142655,1.097881972364614,1.745332547712053
1638,edited_founder,founder,0,B,run3,run3,same_batch,32,310001,316620,6620,189.3021148036254,129.98625377643503,100.83050393382531,120.89259441443936,1.8774290261195528,1.0752209794656333,1.74608667611062
1667-1635,day0_mixture,founder,0,B,run3,run3,same_batch,1,1,10000,10000,130.6287,105.0611,143.60264354079868,120.89259441443936,0.9096538669421314,0.8690449610158383,1.0467281990552304
1667-1635,day0_mixture,founder,0,B,run3,run3,same_batch,2,10001,20000,10000,128.3605,99.3672,143.60264354079868,120.89259441443936,0.8938588930887734,0.8219461289692664,1.0874908483475514
1667-1635,day0_mixture,founder,0,B,run3,run3,same_batch,3,20001,30000,10000,185.0403,145.095,143.60264354079868,120.89259441443936,1.2885577551880412,1.2001975861531342,1.073621352062637
1667-1635,day0_mixture,founder,0,B,run3,run3,same_batch,4,30001,40000,10000,180.6222,147.9289,143.60264354079868,120.89259441443936,1.2577916084719134,1.2236390551176015,1.0279106434299203
1667-1635,day0_mixture,founder,0,B,run3,run3,same_batch,5,40001,50000,10000,186.6084,144.1371,143.60264354079868,120.89259441443936,1.2994774706009018,1.192274023881684,1.0899151072420379
1667-1635,day0_mixture,founder,0,B,run3,run3,same_batch,6,50001,60000,10000,174.7813,141.2229,143.60264354079868,120.89259441443936,1.2171175661563862,1.1681683289537577,1.0419025546142555
1667-1635,day0_mixture,founder,0,B,run3,run3,same_batch,7,60001,70000,10000,178.2227,145.5422,143.60264354079868,120.89259441443936,1.2410823060465839,1.2038967374714271,1.030887672852456
1667-1635,day0_mixture,founder,0,B,run3,run3,same_batch,8,70001,80000,10000,175.8649,149.6732,143.60264354079868,120.89259441443936,1.2246633882476916,1.2380675650561033,0.9891733075102374
1667-1635,day0_mixture,founder,0,B,run3,run3,same_batch,9,80001,90000,10000,73.4435,61.457,143.60264354079868,120.89259441443936,0.5114355710250843,0.5083603366912242,1.0060493199644094
1667-1635,day0_mixture,founder,0,B,run3,run3,same_batch,10,90001,100000,10000,160.3601,136.7496,143.60264354079868,120.89259441443936,1.1166932310298339,1.1311660624239748,0.9872053875421907
1667-1635,day0_mixture,founder,0,B,run3,run3,same_batch,11,100001,110000,10000,166.9025,135.7909,143.60264354079868,120.89259441443936,1.1622522809100073,1.1232358827083058,1.0347357120639937
1667-1635,day0_mixture,founder,0,B,run3,run3,same_batch,12,110001,120000,10000,138.4137,104.5867,143.60264354079868,120.89259441443936,0.9638659608705291,0.8651208165941073,1.114140293913134
1667-1635,day0_mixture,founder,0,B,run3,run3,same_batch,13,120001,130000,10000,166.6723,134.5931,143.60264354079868,120.89259441443936,1.1606492463535119,1.1133279143517516,1.0425043973044668
1667-1635,day0_mixture,founder,0,B,run3,run3,same_batch,14,130001,140000,10000,165.1892,138.401,143.60264354079868,120.89259441443936,1.1503214420496959,1.1448261216525721,1.004800135403262
1667-1635,day0_mixture,founder,0,B,run3,run3,same_batch,15,140001,150000,10000,141.1351,115.995,143.60264354079868,120.89259441443936,0.9828168654841118,0.959488052695357,1.02431381268711
1667-1635,day0_mixture,founder,0,B,run3,run3,same_batch,16,150001,160000,10000,134.7372,105.287,143.60264354079868,120.89259441443936,0.9382640644893147,0.8709135618271137,1.0773331655565273
1667-1635,day0_mixture,founder,0,B,run3,run3,same_batch,17,160001,170000,10000,153.6041,124.302,143.60264354079868,120.89259441443936,1.0696467433509316,1.0282019391020152,1.0403080393770823
1667-1635,day0_mixture,founder,0,B,run3,run3,same_batch,18,170001,180000,10000,165.2354,130.1631,143.60264354079868,120.89259441443936,1.150643163146612,1.07668381699031,1.0686917969688103
1667-1635,day0_mixture,founder,0,B,run3,run3,same_batch,19,180001,190000,10000,167.3479,129.5753,143.60264354079868,120.89259441443936,1.1653538951214022,1.0718216498505684,1.0872647471562773
1667-1635,day0_mixture,founder,0,B,run3,run3,same_batch,20,190001,200000,10000,145.9625,117.7677,143.60264354079868,120.89259441443936,1.0164332382817929,0.974151481903625,1.043403677111432
1667-1635,day0_mixture,founder,0,B,run3,run3,same_batch,21,200001,210000,10000,147.5548,114.929,143.60264354079868,120.89259441443936,1.0275214742692287,0.9506703082738452,1.0808389252578257
1667-1635,day0_mixture,founder,0,B,run3,run3,same_batch,22,210001,220000,10000,165.4537,137.0261,143.60264354079868,120.89259441443936,1.1521633301478413,1.1334532165820876,1.0165071776161823
1667-1635,day0_mixture,founder,0,B,run3,run3,same_batch,23,220001,230000,10000,169.3707,135.2157,143.60264354079868,120.89259441443936,1.1794399867846472,1.1184779403150098,1.054504469218649
1667-1635,day0_mixture,founder,0,B,run3,run3,same_batch,24,230001,240000,10000,169.91,139.888,143.60264354079868,120.89259441443936,1.1831954886800338,1.1571262960942117,1.022529254303369
1667-1635,day0_mixture,founder,0,B,run3,run3,same_batch,25,240001,250000,10000,165.1964,137.1,143.60264354079868,120.89259441443936,1.1503715804024621,1.1340645029917964,1.0143793209007474
1667-1635,day0_mixture,founder,0,B,run3,run3,same_batch,26,250001,260000,10000,163.4823,134.3013,143.60264354079868,120.89259441443936,1.1384351706140656,1.1109142015729552,1.024773262419495
1667-1635,day0_mixture,founder,0,B,run3,run3,same_batch,27,260001,270000,10000,172.8915,141.0174,143.60264354079868,120.89259441443936,1.2039576412872937,1.166468472970061,1.0321390326322133
1667-1635,day0_mixture,founder,0,B,run3,run3,same_batch,28,270001,280000,10000,172.7812,139.9334,143.60264354079868,120.89259441443936,1.2031895495775569,1.1575018360536269,1.0394709641927629
1667-1635,day0_mixture,founder,0,B,run3,run3,same_batch,29,280001,290000,10000,175.0378,137.1633,143.60264354079868,120.89259441443936,1.2189037449736804,1.1345881082656066,1.0743138731085091
1667-1635,day0_mixture,founder,0,B,run3,run3,same_batch,30,290001,300000,10000,161.128,127.766,143.60264354079868,120.89259441443936,1.1220406256255457,1.0568554725692916,1.0616783985588725
1667-1635,day0_mixture,founder,0,B,run3,run3,same_batch,31,300001,310000,10000,164.7187,132.7258,143.60264354079868,120.89259441443936,1.1470450399696304,1.097881972364614,1.0447799206495112
1667-1635,day0_mixture,founder,0,B,run3,run3,same_batch,32,310001,316620,6620,156.26722054380664,129.98625377643503,143.60264354079868,120.89259441443936,1.0881918096403975,1.0752209794656333,1.0120634087526923
