sample,sample_role,regime,day,phase,batch,wt_batch,batch_relation_to_wt,primary_length_weighted_ratio,raw_minimum_ratio,additive_offset,additively_lifted_copy_number_index,diagnostic_median_denominator_ratio,diagnostic_unweighted_denominator_ratio,primary_baseline_mean_depth,median_chromosome_depth,unweighted_mean_chromosome_depth
1635,WT_founder,founder,0,B,run3,run3,same_batch,1.0,0.7224380703007958,0.27756192969920424,1.2775619296992042,1.0,1.0,120.89259441443936,120.59700000000001,123.06242857142855
a1,competition,30C,6,C,run1,run3,different_batch,0.7295603753678288,0.7224380703007958,0.27756192969920424,1.007122305067033,0.7676587941607107,0.7898869350869293,59.395005622651325,56.309250000000006,55.84342142857143
a10,competition,30C,12,C,run1,run3,different_batch,0.8204840490971532,0.7224380703007958,0.27756192969920424,1.0980459787963575,0.851176559778134,0.8716281497053777,50.65042958646954,48.70465,48.534192857142855
a20,competition,30C,24,C,run1,run3,different_batch,0.837710378751457,0.7224380703007958,0.27756192969920424,1.1152723084506613,0.8808624978686682,0.8854807896529384,85.03075117681973,80.66749999999999,81.8873
b1,competition,39C,6,H,run1,run3,different_batch,1.2348109648785064,0.7224380703007958,0.27756192969920424,1.5123728945777106,1.2294048754605633,1.2770606044031458,92.93990986698017,93.12035,91.47807142857144
b5,competition,39C,12,H,run2,run3,different_batch,0.8433875723085513,0.7224380703007958,0.27756192969920424,1.1209495020077556,0.8497387083766059,0.8769049803051954,47.30047419903042,46.83215,46.309057142857135
B4-lineage-D10,competition,39C,24,H,run3,run3,same_batch,0.8281120291836177,0.7224380703007958,0.27756192969920424,1.105673958882822,0.8569807672547621,0.8694012138885714,72.12816982664498,69.52799999999999,69.9358
d1,competition,fluct,6,H,run1,run3,different_batch,1.1907296338646223,0.7224380703007958,0.27756192969920424,1.4682915635638265,1.1756478613187231,1.2398268845463032,138.85754509522712,140.29500000000002,135.75235714285716
d10,competition,fluct,12,C,run1,run3,different_batch,0.755989587319184,0.7224380703007958,0.27756192969920424,1.0335515170183882,0.7966064198536511,0.8117658074198293,109.17486741128133,103.35499999999999,103.49837142857145
d20,competition,fluct,24,C,run1,run3,different_batch,0.7224380703007958,0.7224380703007958,0.27756192969920424,1.0,0.7526390717541742,0.7863670342962221,16.60189543099635,15.89675,15.52597142857143
D4-lineage-D1,competition,fluct2,6,H,run3,run3,same_batch,1.2910995669528016,0.7224380703007958,0.27756192969920424,1.5686614966520058,1.2820623176502313,1.341489806131019,110.59075792111835,111.098,108.34702142857144
D4-lineage-D10,competition,fluct2,12,C,run3,run3,same_batch,0.8506973171509178,0.7224380703007958,0.27756192969920424,1.128259246850122,0.8746232650500873,0.8888945158344791,88.9211245425175,86.27715,86.62745714285714
D4-lineage-20,competition,fluct2,24,C,run3,run3,same_batch,0.9730957923946664,0.7224380703007958,0.27756192969920424,1.2506577220938706,0.9682505612944243,0.9846216551767086,5.320734293493699,5.334285,5.352831428571428
1638,edited_founder,founder,0,B,run3,run3,same_batch,1.7140273927219405,0.7224380703007958,0.27756192969920424,1.9915893224211447,1.7119758144716521,1.705980429837643,100.83050393382531,100.7045,103.12440000000001
1667-1635,day0_mixture,founder,0,B,run3,run3,same_batch,1.041105296995669,0.7224380703007958,0.27756192969920424,1.3186672266948731,1.0353918794902184,1.041502875163536,143.60264354079868,144.042,146.1242857142857
