sample,regime,day,phase,batch,genome_mean_depth,marker_read_fraction,marked_fraction,marker_odds_calibration_multiplier,edited_fraction,wt_fraction,chr3_additively_lifted_copy_number_index,chr3_wt_referenced_window_ratio,copy_chrIII,legacy_depth_ratio_chrI,legacy_depth_ratio_chrII,legacy_depth_ratio_chrIII,legacy_depth_ratio_chrIV,legacy_depth_ratio_chrV,legacy_depth_ratio_chrVI,legacy_depth_ratio_chrVII,legacy_depth_ratio_chrVIII,legacy_depth_ratio_chrIX,legacy_depth_ratio_chrX,legacy_depth_ratio_chrXI,legacy_depth_ratio_chrXII,legacy_depth_ratio_chrXIII,legacy_depth_ratio_chrXIV,legacy_depth_ratio_chrXV,legacy_depth_ratio_chrXVI
a1,30C,6,C,run1,55.21040666666667,0.058937312221053355,0.215114596890722,4.376146542794425,0.215114596890722,0.784885403109278,1.007122305067033,0.7295603753678288,1.007122305067033,0.7290636390892972,1.0462284827703376,0.8394830394897772,1.2953970875780545,0.9578574618963742,0.8080578045612414,1.1576006021087086,0.9116542159141253,0.8520821135049297,0.9692230727999226,0.9935771770563544,2.9169138523522316,1.1069978232364648,1.0649677035525065,1.1671477152676892,1.1006620611742157
a10,30C,12,C,run1,48.22788,0.07921121175764344,0.2734985264039803,4.376146542794425,0.2734985264039803,0.7265014735960197,1.0980459787963575,0.8204840490971532,1.0980459787963575,0.810622403472846,1.0359298397524421,0.9110808934583068,1.1982177114150572,0.9682926141476673,0.9002386171650092,1.1186060842815402,0.9033301899233389,0.9016921332639959,0.9604714119716645,0.9885941492763107,2.4296941934831056,1.0932348674667018,1.0311774019509048,1.1236280757105641,1.0548836067436511
a20,30C,24,C,run1,81.46894,0.005765690528343407,0.024749732921762226,4.376146542794425,0.024749732921762226,0.9752502670782378,1.1152723084506613,0.837710378751457,1.1152723084506613,0.9052235121753149,1.0021733436080056,0.9281070798269868,1.211122913836856,0.9330476129921415,0.9781519190012782,1.1203251202237319,0.8757091966582602,0.8798752015185174,0.9161270540650216,0.9602641202892783,2.53129597611065,1.0844734201770636,1.0147437784264777,1.126164155321034,1.0644915718800319
b1,39C,6,H,run1,93.5342,0.5613968315743687,0.8485150462710327,4.376146542794425,0.8485150462710327,0.1514849537289673,1.5123728945777106,1.2348109648785064,1.5123728945777106,0.8243540865266394,1.0072048512736518,1.3077569487952,0.9948628416130144,0.9914116975395096,0.9115692441908949,1.011988128406508,0.9549234397685552,0.9585648885648245,0.9718552144563166,1.0336037513551193,1.1066647279818504,1.0215044336723893,0.9962879887784362,1.0153708483100299,0.9987416367489111
b5,39C,12,H,run2,46.039586666666665,0.08891509785077323,0.2992680902725547,4.376146542794425,0.2992680902725547,0.7007319097274454,1.1209495020077556,0.8433875723085513,1.1209495020077556,0.8539694390537536,1.0244162342610084,0.9180577642023431,1.0905940655708175,1.0100134116466148,0.9780604749130386,1.0552462243362162,0.9581797577678803,0.9478321409778078,0.9841552298905667,1.0357217223786255,1.3328203931167641,1.0404155090879763,1.0066858405042154,1.0523313415208768,1.0443208438882596
B4-lineage-D10,39C,24,H,run3,69.50621333333333,0.009151833340594306,0.03884939783952882,4.376146542794425,0.03884939783952882,0.9611506021604712,1.105673958882822,0.8281120291836177,1.105673958882822,0.9000562251892684,1.003993695719481,0.9134722919735137,1.1739137565831046,0.9434638553176828,0.9966332026719529,1.0858007706169577,0.8939200831158308,0.8942178982176365,0.9554929957340984,0.9912725308394492,1.5883328224277695,1.0627870007208948,1.0382064644196796,1.098281669207127,1.0484875596733223
d1,fluct,6,H,run1,138.3594,0.5888975092302863,0.8624249044262585,4.376146542794425,0.8624249044262585,0.13757509557374148,1.4682915635638265,1.1907296338646223,1.4682915635638265,0.7942286537813839,1.0232120116161245,1.263795593215929,1.0206751402506804,0.9850143900595117,0.8900298787071931,1.0260452126852242,0.9507991506178836,0.9326146253886618,0.9818198113030268,1.0384476949162833,1.1295943752285713,1.033243856217937,1.0111998172874412,1.0320946751720521,1.0167794887806685
d10,fluct,12,C,run1,102.47240000000001,0.012504216006885468,0.052503778681610574,4.376146542794425,0.052503778681610574,0.9474962213183894,1.0335515170183882,0.755989587319184,1.0335515170183882,0.7556727470030954,1.0315070204269636,0.8598295736217751,1.2485117943953687,0.9857190814307071,0.8573088948829147,1.149021590203801,0.8871081383865314,0.8844654755817176,0.958479551567056,0.982381597386223,2.3762203285957977,1.1193160304628367,1.0500778746277046,1.1488166569729994,1.081783973050304
d20,fluct,24,C,run1,15.326826666666667,0.0,0.0,4.376146542794425,0.0,1.0,1.0,0.7224380703007958,1.0,0.7002884702378053,1.044273570001879,0.8180949829144889,1.3117066198525982,0.9552531856996708,0.798756341821573,1.1910358482556076,0.8846253888606643,0.8142781458566766,0.988319391185129,1.0300958145717487,2.023458650279423,1.1324783908301956,1.0546671109131527,1.1646376897326867,1.1114890492661231
D4-lineage-D1,fluct2,6,H,run3,111.24648666666667,0.6270036762847622,0.8803293162946648,4.376146542794425,0.11967068370533518,0.8803293162946648,1.5686614966520058,1.2910995669528016,1.5686614966520058,0.7771706108711268,1.0065666193623013,1.3648880477004426,0.9981618595535571,0.9893705706840898,0.886219447949008,1.018126534992296,0.9491176140813555,0.9514188103498459,0.978080326491809,1.0349270655618608,1.1347504427555555,1.02370873375297,0.9991686329210216,1.019924344577054,1.0031507811512608
D4-lineage-D10,fluct2,12,C,run3,86.20345333333333,0.008361370944271118,0.03558601921302355,4.376146542794425,0.9644139807869765,0.03558601921302351,1.128259246850122,0.8506973171509178,1.128259246850122,0.9139981863062253,1.013889776109511,0.9311390309344142,1.1345740363997792,0.9820975462854621,0.9803423961824267,1.0816179212619323,0.8969547855700755,0.9220071461947619,0.9470954682557962,0.9878200548500841,1.97322721332587,1.0614725566292085,1.019338513739357,1.0864216731301872,1.0412309081507796
D4-lineage-20,fluct2,24,C,run3,5.366439333333333,0.0,0.0,4.376146542794425,1.0,0.0,1.2506577220938706,0.9730957923946664,1.2506577220938706,1.044321877485742,0.9842354812793933,1.0355003857927398,1.0050053051936734,1.0082346345354507,1.1179591582699342,1.0110092862318765,0.9192817981482198,0.9848150089339189,0.943048022282683,1.0157181813540175,1.315894872068494,0.9974136792626869,0.9615295505064252,0.9906028317472828,0.9813247989759566
