sample,regime,day,richness,shannon
a1,30C,6,1352,6.7504543605561285
a10,30C,12,1121,6.5926610543692155
a20,30C,24,1885,6.98254760905837
b1,39C,6,1924,7.007441315053146
b5,39C,12,1016,6.523996895491438
B4-lineage-D10,39C,24,1584,6.842379760224455
d1,fluct,6,2315,7.2235308177792685
d10,fluct,12,2020,7.032717347031983
d20,fluct,24,458,5.919978715245023
D4-lineage-D1,fluct2,6,2069,7.062679750521153
D4-lineage-D10,fluct2,12,1730,6.907919897886226
D4-lineage-20,fluct2,24,82,4.202514136645501
