regime,gene,function,chrom,pos,ref,alt,first_day,last_day,first_freq,last_freq,diff,origin,p,q
30C,MPS2;RPL7A,membrane/transport,ref|NC_001139|,366778,INDEL,A,6,24,34.04,9.84,-24.2,both founders,0.003246457527792956,0.044269875378994857
30C,ATP11;PHA2,metabolism,ref|NC_001146|,43278,INDEL,AT,6,24,32.69,9.86,-22.83,both founders,0.0023985490162251244,0.035978235243376865
30C,intergenic,-,ref|NC_001146|,523441,G,T,6,24,33.77,13.54,-20.230000000000004,EDIT founder only,0.0018637075034004542,0.029711749072203798
30C,intergenic,-,ref|NC_001224|,55436,INDEL,C,6,24,77.95,95.44,17.489999999999995,WT founder only,4.207977843702212e-56,6.311966765553318e-54
39C,MRPL24;RPL36A;YMR193C-A,mitochondria/respiration,ref|NC_001145|,651263,INDEL,A,6,24,13.64,100.0,86.36,WT founder only,8.99748256841133e-37,8.99748256841133e-35
39C,STB5,stress/chaperone,ref|NC_001140|,459034,T,C,6,24,17.58,100.0,82.42,WT founder only,4.67718059988373e-26,2.806308359930238e-24
39C,DSN1,chromosome segregation,ref|NC_001141|,375747,A,T,6,24,19.4,97.3,77.9,WT founder only,7.27828680755215e-24,3.6391434037760753e-22
39C,intergenic,-,ref|NC_001224|,55436,INDEL,C,6,24,37.07,93.29,56.220000000000006,WT founder only,4.0340616189976175e-138,1.2102184856992852e-135
39C,intergenic,-,ref|NC_001143|,666702,INDEL,GT,6,24,35.29,85.71,50.419999999999995,both founders,0.0002943452630619113,0.007358631576547783
39C,NOP2,ribosome/translation,ref|NC_001146|,512460,INDEL,AT,6,24,10.94,39.53,28.590000000000003,both founders,0.000784628440426187,0.01681346658056115
39C,CAR2;DIF1,DNA repair/replication,ref|NC_001144|,1012324,INDEL,G,6,24,88.89,100.0,11.11,both founders,0.0018817441079062407,0.029711749072203798
fluct,STB5,stress/chaperone,ref|NC_001140|,459034,T,C,6,24,15.38,100.0,84.62,WT founder only,1.0963049075721475e-09,3.654349691907159e-08
fluct,MRPL24;RPL36A;YMR193C-A,mitochondria/respiration,ref|NC_001145|,651263,INDEL,A,6,24,14.88,95.24,80.36,WT founder only,5.402049208750121e-13,2.0257684532812953e-11
fluct,DSN1,chromosome segregation,ref|NC_001141|,375747,A,T,6,24,21.43,93.33,71.9,WT founder only,1.4930923764544574e-07,4.479277129363372e-06
fluct,TEF1,membrane/transport,ref|NC_001148|,700420,INDEL,T,6,24,8.94,67.39,58.45,de novo (neither founder),8.18988738166429e-14,3.5099517349989812e-12
fluct,intergenic,-,ref|NC_001224|,55436,INDEL,C,6,24,42.88,96.94,54.059999999999995,WT founder only,1.3268709879094177e-27,9.951532409320633e-26
fluct,RMI1;YPL025C,DNA repair/replication,ref|NC_001148|,503385,INDEL,A,6,24,17.58,61.54,43.96,both founders,0.0016281907641014302,0.02873277819002524
fluct,IMD2,metabolism,ref|NC_001140|,554072,INDEL,A,6,24,9.9,53.85,43.95,both founders,0.0004816411886118672,0.011114796660273858
fluct,PKH1;SLD5,DNA repair/replication,ref|NC_001136|,1431852,G,C,6,24,10.47,50.0,39.53,both founders,0.0012993977036891867,0.02436370694417225
fluct,BOR1;MET2;YNL276C,membrane/transport,ref|NC_001146|,118987,INDEL,A,6,24,13.89,50.0,36.11,both founders,0.0012422806662052603,0.02436370694417225
fluct,ADH1;PHM7;YOL085W-A,metabolism,ref|NC_001147|,161617,T,C,6,24,49.3,21.88,-27.419999999999998,both founders,0.002894651303849395,0.041352161483562785
fluct2,intergenic,-,ref|NC_001224|,55436,INDEL,C,6,24,31.13,93.33,62.2,WT founder only,1.1331550104681933e-06,3.090422755822345e-05
