gene,function,chrom,pos,ref,alt,cold_freq,heat_freq,diff,origin,p,q
VMA6,membrane/transport,ref|NC_001144|,1027909,G,A,5.92,77.00666666666666,71.08666666666666,EDIT founder only,2.1385938846607568e-52,1.362284304528902e-49
ECM32,ribosome/translation,ref|NC_001137|,544413,G,C,16.22,80.04333333333334,63.82333333333334,EDIT founder only,1.8036470393715694e-14,4.308461865298836e-12
YOR1,membrane/transport,ref|NC_001139|,1054988,G,A,18.33,80.18333333333332,61.853333333333325,EDIT founder only,5.620654770384901e-21,1.7901785443675908e-18
intergenic,-,ref|NC_001224|,16114,INDEL,T,13.73,53.71333333333333,39.983333333333334,EDIT founder only,4.216350957184313e-300,8.057446679179221e-297
STB5,stress/chaperone,ref|NC_001140|,459034,T,C,95.94333333333333,68.625,-27.318333333333328,WT founder only,4.6227450404077455e-26,2.2085164430548004e-23
intergenic,-,ref|NC_001136|,987310,G,A,8.75,34.92,26.17,de novo (neither founder),1.1014505392993857e-06,0.00016513288416110784
DSN1,chromosome segregation,ref|NC_001141|,375747,A,T,93.32,67.42125,-25.898749999999993,WT founder only,3.5435675557464795e-15,9.67393942718789e-13
MRPL24;RPL36A;YMR193C-A,mitochondria/respiration,ref|NC_001145|,651263,INDEL,A,89.73333333333333,66.7,-23.03333333333333,WT founder only,4.859442857459306e-23,1.8572790601209468e-20
intergenic,-,ref|NC_001134|,263144,INDEL,C,81.04666666666667,98.0942857142857,17.047619047619037,both founders,2.5315132388285255e-05,0.0028457187055301834
SOK1;TRP1,metabolism,ref|NC_001136|,462158,A,G,65.92,48.994,-16.926000000000002,de novo (neither founder),6.84670284889328e-05,0.006886341654860556
CYC1;UTR1,metabolism,ref|NC_001142|,526863,A,G,59.345,45.128,-14.216999999999999,de novo (neither founder),0.00021716203658655114,0.019761745329376152
intergenic,-,ref|NC_001224|,55436,INDEL,C,88.93,75.03333333333335,-13.896666666666661,WT founder only,1.2200493731740494e-63,1.1657571760678042e-60
SOK1;TRP1,metabolism,ref|NC_001136|,461946,G,A,34.989999999999995,47.05666666666667,12.066666666666677,de novo (neither founder),1.123352953476924e-06,0.00016513288416110784
intergenic,-,ref|NC_001140|,562440,A,G,32.120000000000005,20.54875,-11.571250000000006,both founders,9.62590152207171e-06,0.0013139355577627882
intergenic,-,ref|NC_001140|,562443,A,G,31.633333333333336,20.49875,-11.134583333333335,both founders,1.857099818811278e-05,0.0023659451691655678
NDJ1,chromosome segregation,ref|NC_001147|,118032,A,C,29.55333333333333,40.175,10.621666666666666,both founders,2.237303338408864e-05,0.002672179174812087
