regime,day,orientation,replicate,culture,marker_carrier,raw_marked_fraction,edited_freq
Const30,0,A,1,A1,CEN3 edit,0.5,0.5
Const30,0,A,2,A2,CEN3 edit,0.5,0.5
Const30,0,A,3,A3,CEN3 edit,0.5,0.5
Const30,0,B,1,A4,CEN3-WT,0.5,0.5
Const30,0,B,2,A5,CEN3-WT,0.5,0.5
Const30,0,B,3,A6,CEN3-WT,0.5,0.5
Const39,0,A,1,B1,CEN3 edit,0.5,0.5
Const39,0,A,2,B2,CEN3 edit,0.5,0.5
Const39,0,A,3,B3,CEN3 edit,0.5,0.5
Const39,0,B,1,B4,CEN3-WT,0.5,0.5
Const39,0,B,2,B5,CEN3-WT,0.5,0.5
Const39,0,B,3,B6,CEN3-WT,0.5,0.5
15%,0,A,1,C1,CEN3 edit,0.5,0.5
15%,0,A,2,C2,CEN3 edit,0.5,0.5
15%,0,A,3,C3,CEN3 edit,0.5,0.5
15%,0,B,1,C4,CEN3-WT,0.5,0.5
15%,0,B,2,C5,CEN3-WT,0.5,0.5
15%,0,B,3,C6,CEN3-WT,0.5,0.5
25%,0,A,1,D1,CEN3 edit,0.5,0.5
25%,0,A,2,D2,CEN3 edit,0.5,0.5
25%,0,A,3,D3,CEN3 edit,0.5,0.5
25%,0,B,1,D4,CEN3-WT,0.5,0.5
25%,0,B,2,D5,CEN3-WT,0.5,0.5
25%,0,B,3,D6,CEN3-WT,0.5,0.5
35%,0,A,1,E1,CEN3 edit,0.5,0.5
35%,0,A,2,E2,CEN3 edit,0.5,0.5
35%,0,A,3,E3,CEN3 edit,0.5,0.5
35%,0,B,1,E4,CEN3-WT,0.5,0.5
35%,0,B,2,E5,CEN3-WT,0.5,0.5
35%,0,B,3,E6,CEN3-WT,0.5,0.5
Const30,6,A,1,A1,CEN3 edit,0.05,0.05
Const30,6,A,2,A2,CEN3 edit,0.02,0.02
Const30,6,A,3,A3,CEN3 edit,0.03,0.03
Const30,6,B,1,A4,CEN3-WT,1,0
Const30,6,B,2,A5,CEN3-WT,1,0
Const30,6,B,3,A6,CEN3-WT,1,0
Const39,6,A,1,B1,CEN3 edit,0.21,0.21
Const39,6,A,2,B2,CEN3 edit,0.11,0.11
Const39,6,A,3,B3,CEN3 edit,0.72,0.72
Const39,6,B,1,B4,CEN3-WT,0.07,0.93
Const39,6,B,2,B5,CEN3-WT,0.09,0.91
Const39,6,B,3,B6,CEN3-WT,0.05,0.95
15%,6,A,1,C1,CEN3 edit,0.11,0.11
15%,6,A,2,C2,CEN3 edit,0.12,0.12
15%,6,A,3,C3,CEN3 edit,0.29,0.29
15%,6,B,1,C4,CEN3-WT,0.81,0.19
15%,6,B,2,C5,CEN3-WT,0.93,0.07
15%,6,B,3,C6,CEN3-WT,0.93,0.07
25%,6,A,1,D1,CEN3 edit,0.21,0.21
25%,6,A,2,D2,CEN3 edit,0.22,0.22
25%,6,A,3,D3,CEN3 edit,1,1
25%,6,B,1,D4,CEN3-WT,0.36,0.64
25%,6,B,2,D5,CEN3-WT,0.85,0.15
25%,6,B,3,D6,CEN3-WT,0.95,0.05
35%,6,A,1,E1,CEN3 edit,0.44,0.44
35%,6,A,2,E2,CEN3 edit,0.29,0.29
35%,6,A,3,E3,CEN3 edit,0.21,0.21
35%,6,B,1,E4,CEN3-WT,0.91,0.09
35%,6,B,2,E5,CEN3-WT,0.87,0.13
35%,6,B,3,E6,CEN3-WT,0.88,0.12
Const30,12,A,1,A1,CEN3 edit,0,0
Const30,12,A,2,A2,CEN3 edit,0,0
Const30,12,A,3,A3,CEN3 edit,0,0
Const30,12,B,1,A4,CEN3-WT,1,0
Const30,12,B,2,A5,CEN3-WT,1,0
Const30,12,B,3,A6,CEN3-WT,1,0
Const39,12,A,1,B1,CEN3 edit,0,0
Const39,12,A,2,B2,CEN3 edit,0,0
Const39,12,A,3,B3,CEN3 edit,0.32,0.32
Const39,12,B,1,B4,CEN3-WT,0.44,0.56
Const39,12,B,2,B5,CEN3-WT,0.62,0.38
Const39,12,B,3,B6,CEN3-WT,0.53,0.47
15%,12,A,1,C1,CEN3 edit,0.02,0.02
15%,12,A,2,C2,CEN3 edit,0.01,0.01
15%,12,A,3,C3,CEN3 edit,0.07,0.07
15%,12,B,1,C4,CEN3-WT,1,0
15%,12,B,2,C5,CEN3-WT,1,0
15%,12,B,3,C6,CEN3-WT,1,0
25%,12,A,1,D1,CEN3 edit,0.09,0.09
25%,12,A,2,D2,CEN3 edit,0.07,0.07
25%,12,A,3,D3,CEN3 edit,1,1
25%,12,B,1,D4,CEN3-WT,0.19,0.81
25%,12,B,2,D5,CEN3-WT,1,0
25%,12,B,3,D6,CEN3-WT,1,0
35%,12,A,1,E1,CEN3 edit,0.05,0.05
35%,12,A,2,E2,CEN3 edit,0.06,0.06
35%,12,A,3,E3,CEN3 edit,0.07,0.07
35%,12,B,1,E4,CEN3-WT,0.9,0.1
35%,12,B,2,E5,CEN3-WT,0.93,0.07
35%,12,B,3,E6,CEN3-WT,0.98,0.02
Const30,18,A,1,A1,CEN3 edit,0,0
Const30,18,A,2,A2,CEN3 edit,0,0
Const30,18,A,3,A3,CEN3 edit,0,0
Const30,18,B,1,A4,CEN3-WT,1,0
Const30,18,B,2,A5,CEN3-WT,1,0
Const30,18,B,3,A6,CEN3-WT,1,0
Const39,18,A,1,B1,CEN3 edit,0,0
Const39,18,A,2,B2,CEN3 edit,0,0
Const39,18,A,3,B3,CEN3 edit,0.15,0.15
Const39,18,B,1,B4,CEN3-WT,0.68,0.32
Const39,18,B,2,B5,CEN3-WT,0.79,0.21
Const39,18,B,3,B6,CEN3-WT,0.58,0.42
15%,18,A,1,C1,CEN3 edit,0,0
15%,18,A,2,C2,CEN3 edit,0,0
15%,18,A,3,C3,CEN3 edit,0,0
15%,18,B,1,C4,CEN3-WT,1,0
15%,18,B,2,C5,CEN3-WT,1,0
15%,18,B,3,C6,CEN3-WT,1,0
25%,18,A,1,D1,CEN3 edit,0.02,0.02
25%,18,A,2,D2,CEN3 edit,0.06,0.06
25%,18,A,3,D3,CEN3 edit,1,1
25%,18,B,1,D4,CEN3-WT,0.1,0.9
25%,18,B,2,D5,CEN3-WT,1,0
25%,18,B,3,D6,CEN3-WT,1,0
35%,18,A,1,E1,CEN3 edit,0,0
35%,18,A,2,E2,CEN3 edit,0,0
35%,18,A,3,E3,CEN3 edit,0,0
35%,18,B,1,E4,CEN3-WT,1,0
35%,18,B,2,E5,CEN3-WT,1,0
35%,18,B,3,E6,CEN3-WT,1,0
Const30,24,A,1,A1,CEN3 edit,0,0
Const30,24,A,2,A2,CEN3 edit,0,0
Const30,24,A,3,A3,CEN3 edit,0,0
Const30,24,B,1,A4,CEN3-WT,1,0
Const30,24,B,2,A5,CEN3-WT,1,0
Const30,24,B,3,A6,CEN3-WT,1,0
Const39,24,A,1,B1,CEN3 edit,0,0
Const39,24,A,2,B2,CEN3 edit,0,0
Const39,24,A,3,B3,CEN3 edit,0,0
Const39,24,B,1,B4,CEN3-WT,1,0
Const39,24,B,2,B5,CEN3-WT,1,0
Const39,24,B,3,B6,CEN3-WT,1,0
15%,24,A,1,C1,CEN3 edit,0,0
15%,24,A,2,C2,CEN3 edit,0,0
15%,24,A,3,C3,CEN3 edit,0,0
15%,24,B,1,C4,CEN3-WT,1,0
15%,24,B,2,C5,CEN3-WT,1,0
15%,24,B,3,C6,CEN3-WT,1,0
25%,24,A,1,D1,CEN3 edit,0.05,0.05
25%,24,A,2,D2,CEN3 edit,0.1,0.1
25%,24,A,3,D3,CEN3 edit,1,1
25%,24,B,1,D4,CEN3-WT,0.5,0.5
25%,24,B,2,D5,CEN3-WT,0.5,0.5
25%,24,B,3,D6,CEN3-WT,1,0
35%,24,A,1,E1,CEN3 edit,0,0
35%,24,A,2,E2,CEN3 edit,0,0
35%,24,A,3,E3,CEN3 edit,0,0
35%,24,B,1,E4,CEN3-WT,1,0
35%,24,B,2,E5,CEN3-WT,1,0
35%,24,B,3,E6,CEN3-WT,1,0
