regime,day,edited_freq,sd,sem,n
Const30,0,0.5,0,0,6
Const39,0,0.5,0,0,6
15%,0,0.5,0,0,6
25%,0,0.5,0,0,6
35%,0,0.5,0,0,6
Const30,6,0.1666666667,0.06022181222,0.02458545189,6
Const39,6,0.6516666667,0.0968331899,0.03953198424,6
15%,6,0.2183333333,0.1068488028,0.04362084109,6
25%,6,0.28,0.1454647724,0.05938574464,6
35%,6,0.3716666667,0.06369196705,0.02600213666,6
Const30,12,0,0,0,6
Const39,12,0.1666666667,0.1032795559,0.04216370214,6
15%,12,0,0,0,6
25%,12,0.2433333333,0.1494880151,0.06102822662,6
35%,12,0.03666666667,0.01211060142,0.004944132325,6
Const30,18,0,0,0,6
Const39,18,0.05,0.04516635916,0.01843908891,6
15%,18,0,0,0,6
25%,18,0.1183333333,0.05231315959,0.02135675797,6
35%,18,0,0,0,6
Const30,24,0,0,0,6
Const39,24,0,0,0,6
15%,24,0,0,0,6
25%,24,0.065,0.02880972058,0.01176151918,6
35%,24,0,0,0,6
