,Constant 30,,,,,,,,,,,,,,Constant 39,,,,,,,,,,,,,,25% (Fluctuating),,,,,,,,,,,,,,15% (Fluctuating),,,,,,,,,,,,,,35% (Fluctuating),,,,,,,,,,,
D0,2,2,2,2,2,2,2,2,2,2,2,2,,D0,2,2,2,2,2,2,2,2,2,2,2,2,,D0,2,2,2,2,2,2,2,2,2,2,2,2,,D0,2,2,2,2,2,2,2,2,2,2,2,2,,D0,2,2,2,2,2,2,2,2,2,2,2,2
,2,2,2,2,2,2,2,2,2,2,2,2,,,2,2,2,2,2,2,2,2,2,2,2,2,,,2,2,2,2,2,2,2,2,2,2,2,2,,,2,2,2,2,2,2,2,2,2,2,2,2,,,2,2,2,2,2,2,2,2,2,2,2,2
,2,2,2,2,2,2,2,2,2,2,2,2,,,2,2,2,2,2,2,2,2,2,2,2,2,,,2,2,2,2,2,2,2,2,2,2,2,2,,,2,2,2,2,2,2,2,2,2,2,2,2,,,2,2,2,2,2,2,2,2,2,2,2,2
,2,2,2,2,2,2,2,2,2,2,2,2,,,2,2,2,2,2,2,2,2,2,2,2,2,,,2,2,2,2,2,2,2,2,2,2,2,2,,,2,2,2,2,2,2,2,2,2,2,2,2,,,2,2,2,2,2,2,2,2,2,2,2,2
,2,2,2,2,2,2,2,2,2,2,2,2,,,2,2,2,2,2,2,2,2,2,2,2,2,,,2,2,2,2,2,2,2,2,2,2,2,2,,,2,2,2,2,2,2,2,2,2,2,2,2,,,2,2,2,2,2,2,2,2,2,2,2,2
,2,2,2,2,2,2,2,2,2,2,2,2,,,2,2,2,2,2,2,2,2,2,2,2,2,,,2,2,2,2,2,2,2,2,2,2,2,2,,,2,2,2,2,2,2,2,2,2,2,2,2,,,2,2,2,2,2,2,2,2,2,2,2,2
,2,2,2,2,2,2,2,2,2,2,2,2,,,2,2,2,2,2,2,2,2,2,2,2,2,,,2,2,2,2,2,2,2,2,2,2,2,2,,,2,2,2,2,2,2,2,2,2,2,2,2,,,2,2,2,2,2,2,2,2,2,2,2,2
,2,2,2,2,2,2,2,2,2,2,2,2,,,2,2,2,2,2,2,2,2,2,2,2,2,,,2,2,2,2,2,2,2,2,2,2,2,2,,,2,2,2,2,2,2,2,2,2,2,2,2,,,2,2,2,2,2,2,2,2,2,2,2,2
,,,,,,,,,,,,,,,,,,,,,,,,,,,,,,,,,,,,,,,,,,,,,,,,,,,,,,,,,,,,,,,,,,,,
D2,2,2,2,1,2,1,2,2,2,3,3,2,,D2,3,3,3,3,3,3,2,1,1,1,1,1,,D2,2,2,2,2,2,3,2,1,2,2,2,2,,D2,2,2,2,2,2,2,1,2,1,2,2,1,,D2,3,2,2,2,2,3,1,1,2,2,2,2
,2,2,1,1,2,2,3,2,3,3,2,3,,,2,2,3,3,3,2,1,1,1,1,1,1,,,2,2,2,3,2,3,2,1,1,2,2,2,,,2,2,2,2,2,3,1,2,1,2,2,1,,,2,2,3,2,2,2,2,2,2,2,2,2
,1,1,1,1,1,1,2,2,3,3,3,3,,,2,3,3,2,2,3,2,1,1,1,1,1,,,2,3,2,2,2,2,2,2,2,2,2,2,,,2,3,2,2,2,2,2,1,2,2,1,1,,,2,2,3,2,2,2,1,1,1,1,2,2
,1,1,1,1,2,2,2,3,2,2,2,3,,,3,2,3,2,3,3,1,1,1,2,1,2,,,2,2,2,3,2,3,2,1,1,1,2,1,,,3,2,2,3,2,2,2,1,2,2,1,2,,,3,2,2,2,3,3,1,2,2,2,2,1
,1,1,1,2,2,1,2,3,2,3,3,2,,,3,2,2,3,3,2,1,1,1,1,2,1,,,2,2,2,3,3,2,2,2,2,2,2,2,,,3,2,2,2,2,2,2,2,2,2,2,2,,,2,2,3,2,2,2,2,2,2,2,1,2
,1,1,1,2,2,1,3,3,2,2,3,2,,,3,3,3,3,3,2,1,1,1,2,1,1,,,2,3,3,2,3,2,1,1,1,2,2,2,,,2,2,2,3,3,2,2,2,2,2,2,2,,,2,2,2,2,2,3,2,2,1,1,2,2
,1,2,1,1,1,1,3,2,2,3,3,2,,,3,3,3,3,3,3,1,1,1,1,1,1,,,2,3,2,2,3,2,2,2,2,1,2,1,,,3,3,2,2,2,2,2,2,2,1,2,2,,,2,2,2,2,3,2,2,2,1,2,2,2
,1,2,1,1,2,1,3,2,2,3,3,3,,,3,3,2,3,3,3,1,1,1,1,2,1,,,2,2,2,2,2,1,2,2,1,2,2,2,,,2,3,3,2,2,2,1,2,2,2,2,1,,,2,2,2,2,3,2,2,2,2,1,1,2
,,,,,,,,,,,,,,,,,,,,,,,,,,,,,,,,,,,,,,,,,,,,,,,,,,,,,,,,,,,,,,,,,,,,
D4,2,1,2,1,1,1,2,2,2,3,2,3,,D4,3,3,3,3,3,3,2,1,1,1,1,1,,D4,2,2,2,2,2,3,1,1,2,2,2,2,,D4,3,2,2,2,2,2,1,2,2,2,2,2,,D4,3,3,2,3,2,3,2,2,2,1,2,1
,2,2,2,1,2,2,3,2,3,3,2,3,,,2,2,3,2,2,3,1,2,1,1,1,1,,,1,2,2,2,2,3,3,1,1,3,2,2,,,2,2,2,2,2,3,1,2,1,2,2,1,,,2,2,2,2,3,2,1,1,2,2,2,2
,1,1,1,1,1,2,2,2,3,3,3,3,,,2,3,3,2,3,2,1,1,1,1,1,1,,,2,3,2,2,2,1,1,2,2,2,1,2,,,2,2,2,2,2,2,2,2,1,1,1,1,,,2,2,3,3,2,2,1,1,2,1,2,1
,1,1,1,1,1,2,3,3,2,2,3,3,,,3,3,3,2,3,3,1,2,1,2,1,1,,,2,1,2,3,2,3,3,1,0,1,2,1,,,2,2,2,3,2,2,2,1,2,2,1,2,,,2,2,2,3,2,2,1,2,2,2,2,1
,1,1,1,2,2,1,2,3,2,3,3,3,,,3,3,2,3,3,3,1,1,1,1,2,1,,,2,2,1,3,3,3,2,2,3,2,1,2,,,2,2,2,2,3,2,2,2,2,2,1,2,,,2,2,2,3,3,2,2,2,1,2,1,2
,1,1,1,1,1,1,2,3,3,3,3,2,,,3,3,3,3,3,2,1,1,1,2,1,1,,,2,4,3,2,3,2,1,1,1,2,3,1,,,3,2,2,2,3,2,2,2,2,2,2,2,,,3,2,2,2,2,3,2,1,2,1,2,1
,1,2,2,1,1,1,3,2,2,2,3,2,,,3,3,3,3,3,3,1,1,1,1,1,1,,,1,3,3,2,3,2,2,2,2,1,2,1,,,3,2,2,2,2,2,2,2,2,1,2,2,,,3,2,3,2,3,2,1,2,1,2,2,2
,1,2,1,1,2,1,3,2,2,3,3,3,,,3,2,3,3,3,3,1,1,1,1,2,1,,,3,2,2,2,2,1,2,3,1,2,2,2,,,2,2,2,2,2,2,2,2,2,1,1,1,,,2,3,2,2,2,2,2,2,2,1,1,2
,,,,,,,,,,,,,,,,,,,,,,,,,,,,,,,,,,,,,,,,,,,,,,,,,,,,,,,,,,,,,,,,,,,,
D6,2,1,2,1,1,1,3,2,3,2,2,2,,D6,2,3,2,3,2,3,2,1,2,2,2,2,,D6,3,2,2,2,2,3,1,1,2,1,1,1,,D6,2,1,1,1,1,1,2,3,2,3,3,3,,D6,2,1,1,2,2,1,4,3,3,2,3,3
,2,2,2,1,2,1,3,2,3,3,2,3,,,2,2,2,2,2,2,2,2,2,2,2,1,,,1,2,3,3,3,3,3,0,0,3,1,1,,,1,1,1,1,1,1,3,3,2,3,3,2,,,1,1,1,1,1,1,2,2,3,3,3,3
,2,1,1,1,1,1,3,2,2,2,3,3,,,2,3,3,2,2,2,2,2,2,1,1,2,,,3,4,2,3,2,1,1,2,2,2,1,1,,,1,1,1,1,1,1,3,2,2,2,3,3,,,1,1,1,2,1,1,2,3,3,2,3,2
,1,1,1,1,2,2,2,3,2,2,3,3,,,2,2,2,2,3,3,1,2,1,2,2,2,,,3,1,2,3,2,3,2,1,0,1,1,0,,,2,1,1,2,1,1,3,3,3,3,3,3,,,1,1,1,2,1,1,3,3,3,3,3,2
,1,1,1,2,2,1,2,3,2,3,3,2,,,2,2,2,3,3,2,1,2,1,1,2,1,,,2,3,1,3,3,3,1,2,3,2,1,2,,,1,1,1,1,2,1,3,3,3,3,2,3,,,1,1,1,1,2,1,2,2,3,3,3,3
,1,1,1,1,1,1,2,3,3,3,2,2,,,2,2,2,2,3,2,2,2,1,2,1,2,,,2,4,3,2,3,2,1,1,1,2,2,0,,,2,1,1,1,2,1,3,3,3,3,3,3,,,2,1,1,1,2,1,3,2,3,2,3,3
,1,1,2,1,2,1,3,2,2,3,3,2,,,3,2,2,3,2,2,2,1,1,1,2,1,,,2,3,3,2,3,2,1,2,1,0,1,0,,,1,1,1,1,1,1,2,3,3,2,3,3,,,1,1,2,1,2,1,2,3,2,3,2,3
,1,1,1,2,2,1,3,2,2,2,2,3,,,3,2,2,3,2,3,1,2,1,2,2,2,,,3,3,3,2,3,1,2,3,1,2,2,1,,,1,1,1,1,1,1,2,3,2,2,2,3,,,1,1,1,1,1,1,3,3,3,3,2,3
,,,,,,,,,,,,,,,,,,,,,,,,,,,,,,,,,,,,,,,,,,,,,,,,,,,,,,,,,,,,,,,,,,,,
D8,0,0,0,0,1,1,4,4,4,4,4,4,,D8,2,3,3,3,2,3,2,1,2,1,1,2,,D8,1,0,1,1,1,3,1,2,3,3,2,3,,D8,2,1,1,2,1,1,3,3,2,3,3,3,,D8,2,1,1,2,2,1,4,3,3,2,4,3
,0,0,0,0,0,1,4,4,4,4,4,4,,,3,2,3,2,2,2,2,2,1,2,2,1,,,1,1,2,2,2,3,4,0,0,3,2,3,,,1,1,1,1,1,1,3,3,2,3,3,2,,,1,1,1,1,1,1,2,3,2,3,3,3
,0,0,0,0,0,0,3,4,4,4,4,4,,,2,3,3,2,3,2,1,2,2,1,1,2,,,1,4,1,1,1,0,2,3,3,3,2,2,,,1,1,1,1,1,1,3,2,2,2,2,3,,,1,1,1,2,1,0,2,3,3,2,3,2
,0,0,1,0,0,0,4,4,4,4,4,4,,,2,2,2,2,3,3,1,2,1,2,1,2,,,1,0,1,3,1,3,4,1,0,2,3,0,,,1,1,1,1,1,1,3,3,3,3,3,3,,,1,1,1,2,0,2,3,3,3,3,3,3
,1,0,1,0,0,0,4,4,3,4,4,3,,,3,3,2,2,3,2,1,1,1,1,2,1,,,1,2,1,3,3,3,3,3,4,3,1,3,,,1,1,1,1,1,1,3,3,3,3,2,3,,,2,1,1,1,2,1,2,2,2,3,3,3
,0,0,1,0,1,0,4,4,4,3,4,4,,,2,2,3,2,3,2,1,1,2,2,1,1,,,1,4,2,1,3,1,3,2,1,4,3,0,,,2,1,1,1,1,0,3,3,3,3,3,3,,,2,1,0,1,1,1,3,2,3,2,3,3
,0,0,0,0,1,0,4,4,4,4,4,4,,,3,2,2,3,2,3,1,2,1,2,1,1,,,1,2,2,1,3,1,3,3,3,0,2,0,,,1,1,1,1,1,1,2,3,3,2,3,3,,,1,1,2,2,2,1,3,3,2,3,3,3
,1,0,1,0,0,0,3,4,4,4,4,4,,,3,1,2,3,2,3,1,2,1,2,2,2,,,3,1,2,1,1,1,3,3,0,3,3,2,,,1,1,1,1,1,1,3,4,3,2,3,3,,,1,1,1,1,1,1,3,3,3,2,2,3
,,,,,,,,,,,,,,,,,,,,,,,,,,,,,,,,,,,,,,,,,,,,,,,,,,,,,,,,,,,,,,,,,,,,
D10,0,0,0,0,1,1,4,4,4,4,4,4,,D10,2,3,2,3,2,3,2,1,2,1,2,2,,D10,1,0,1,0,1,3,1,2,3,3,2,3,,D10,0,1,1,0,1,0,4,4,4,4,3,4,,D10,2,1,1,1,1,1,4,3,3,3,4,3
,0,0,0,0,0,1,4,4,4,4,4,4,,,2,2,2,1,2,2,3,2,2,2,2,1,,,0,0,2,3,1,4,4,0,0,3,3,3,,,0,0,1,0,1,1,4,3,4,3,4,3,,,1,1,1,1,1,1,3,3,3,3,3,3
,0,0,0,0,0,0,3,4,4,4,4,4,,,1,2,2,2,3,1,1,2,3,1,1,2,,,1,4,1,1,1,0,2,3,4,3,2,2,,,1,0,1,0,0,0,4,4,3,3,4,4,,,0,1,1,1,1,0,2,3,3,3,3,2
,0,0,1,0,0,0,4,4,4,4,4,4,,,2,2,2,2,3,3,2,2,2,2,2,2,,,2,0,1,3,1,3,4,1,0,1,3,0,,,0,0,1,1,1,0,4,3,4,3,4,4,,,1,1,0,1,0,1,3,3,3,3,3,3
,1,0,1,0,0,0,4,4,3,4,4,3,,,3,2,2,2,2,2,2,2,2,2,2,1,,,1,2,0,3,4,3,3,3,4,4,1,3,,,0,0,0,0,1,0,4,3,4,4,3,3,,,1,1,1,1,1,1,3,3,3,4,3,3
,0,0,1,0,1,0,4,4,4,3,4,4,,,2,2,2,2,3,2,2,2,2,3,1,2,,,1,4,3,1,3,1,3,1,0,4,4,0,,,1,0,0,0,1,0,4,4,4,3,4,4,,,2,1,0,1,1,1,3,3,3,2,3,3
,0,0,0,0,1,0,4,4,4,4,4,4,,,3,2,2,2,2,3,2,2,1,2,1,2,,,1,2,2,1,3,0,3,3,2,0,2,0,,,0,0,1,1,0,1,3,3,3,4,4,3,,,1,1,2,1,2,1,3,3,2,3,3,3
,1,0,1,0,0,0,2,4,4,4,4,4,,,3,1,2,2,2,3,1,2,1,2,2,2,,,3,1,2,1,1,1,3,4,0,4,4,2,,,1,0,0,1,0,1,3,4,3,3,3,4,,,1,1,1,1,1,1,3,4,3,3,2,3
,,,,,,,,,,,,,,,,,,,,,,,,,,,,,,,,,,,,,,,,,,,,,,,,,,,,,,,,,,,,,,,,,,,,
D12,0,0,0,0,0,1,4,4,4,4,4,4,,D12,1,1,1,1,0,1,3,3,4,3,4,4,,D12,2,0,2,0,1,3,1,1,3,3,1,1,,D12,0,0,0,0,1,0,4,4,4,4,4,4,,D12,1,1,1,1,1,0,4,3,4,3,4,3
,0,0,0,0,0,1,4,4,4,4,4,4,,,1,0,1,1,0,1,4,4,3,4,4,3,,,0,0,2,3,2,4,4,0,0,4,2,2,,,0,0,0,0,0,0,4,4,4,4,4,4,,,1,1,1,1,1,1,3,3,3,3,4,4
,0,0,0,0,0,0,3,4,4,4,4,4,,,1,1,1,1,1,0,3,4,3,3,3,4,,,1,4,2,2,1,0,2,3,4,4,1,1,,,0,0,0,0,0,0,4,4,4,3,4,4,,,0,1,0,1,1,0,3,4,3,3,3,3
,0,0,1,0,0,0,4,4,4,4,4,4,,,0,1,1,1,1,1,3,4,3,3,3,4,,,2,0,1,4,1,3,4,0,0,1,2,0,,,0,0,1,1,1,0,4,4,4,4,4,4,,,1,0,0,1,0,1,4,3,3,3,3,3
,1,0,1,0,0,0,4,4,4,4,4,3,,,1,1,1,1,1,1,3,3,3,3,4,3,,,1,3,0,4,4,3,3,2,4,4,0,3,,,0,0,0,0,0,0,4,3,4,4,4,4,,,1,1,1,1,1,1,3,3,3,4,3,3
,0,0,1,0,0,0,4,4,4,3,4,4,,,1,1,0,1,1,1,3,3,3,4,3,4,,,1,4,3,2,4,2,2,1,0,4,4,0,,,0,0,0,0,0,0,4,4,4,4,4,4,,,1,1,0,1,1,1,3,3,3,2,3,3
,0,0,0,0,1,0,4,4,4,4,4,4,,,2,0,1,1,1,1,3,4,2,3,3,3,,,0,2,3,1,3,0,2,3,2,0,1,0,,,0,0,1,0,0,1,4,3,4,4,4,4,,,1,1,1,1,1,0,3,4,3,4,3,3
,1,0,1,0,0,0,3,4,4,4,4,4,,,1,0,1,1,1,1,3,4,2,3,4,4,,,3,1,3,1,2,0,3,4,0,4,4,2,,,0,0,0,0,0,0,4,4,3,4,4,4,,,0,1,1,0,0,1,3,4,4,3,3,3
,,,,,,,,,,,,,,,,,,,,,,,,,,,,,,,,,,,,,,,,,,,,,,,,,,,,,,,,,,,,,,,,,,,,
D14,0,0,0,0,0,0,4,4,4,4,4,4,,D14,0,1,1,1,0,0,4,4,4,3,4,4,,D14,1,0,1,0,1,3,1,2,4,3,1,2,,D14,0,0,0,0,1,0,4,4,4,4,4,4,,D14,1,0,1,0,1,0,4,3,4,3,4,4
,0,0,0,0,0,0,4,4,4,4,4,4,,,1,0,1,0,0,1,4,4,4,4,4,3,,,0,0,1,3,1,4,4,0,0,4,2,3,,,0,0,0,0,0,0,4,4,4,4,4,4,,,0,0,1,1,0,1,4,3,3,4,4,4
,0,0,0,0,0,0,4,4,4,4,4,4,,,1,1,0,0,1,0,3,4,4,3,3,4,,,1,4,1,1,1,0,2,3,4,4,2,2,,,0,0,0,0,0,0,4,4,4,4,4,4,,,0,1,0,0,0,0,3,4,3,3,3,3
,0,0,0,0,0,0,4,4,4,4,4,4,,,0,1,1,1,1,1,3,4,3,3,3,4,,,1,0,1,4,1,3,4,0,0,1,3,0,,,0,0,1,1,0,0,4,4,4,4,4,4,,,1,0,0,1,0,1,4,3,4,4,3,3
,0,0,0,0,0,0,4,4,4,4,4,4,,,1,0,0,0,1,0,4,3,4,3,4,2,,,1,2,0,4,4,3,4,3,4,4,0,4,,,0,0,0,0,0,0,4,4,4,4,4,4,,,1,1,0,0,1,0,3,3,3,4,3,4
,0,0,0,0,0,0,4,4,4,4,4,4,,,0,0,0,0,1,1,3,3,4,4,3,4,,,0,4,2,1,4,1,3,1,0,4,4,0,,,0,0,0,0,0,0,4,4,4,4,4,4,,,1,0,0,0,1,0,3,3,3,3,3,4
,0,0,0,0,0,0,4,4,4,4,4,4,,,2,0,0,0,1,1,3,4,3,3,4,3,,,0,1,2,1,3,0,3,4,2,0,2,0,,,0,0,1,0,0,1,4,4,4,4,4,4,,,0,1,1,1,1,0,4,4,3,4,4,3
,0,0,0,0,0,0,4,4,4,4,4,4,,,0,0,1,1,1,1,3,4,3,4,4,4,,,3,1,2,1,1,0,3,4,0,4,4,2,,,0,0,0,0,0,0,4,4,4,4,4,4,,,0,1,1,0,0,1,4,4,4,4,3,4
,,,,,,,,,,,,,,,,,,,,,,,,,,,,,,,,,,,,,,,,,,,,,,,,,,,,,,,,,,,,,,,,,,,,
D16,0,0,0,0,0,0,4,4,4,4,4,4,,D16,0,1,1,1,0,0,4,4,4,3,4,4,,D16,1,0,2,0,1,3,1,1,4,3,1,2,,D16,0,0,0,0,1,0,4,4,4,4,4,4,,D16,1,0,0,0,1,0,4,4,4,4,4,4
,0,0,0,0,0,0,4,4,4,4,4,4,,,1,0,1,0,0,1,4,4,4,4,4,2,,,0,0,1,3,1,4,4,0,0,4,2,3,,,0,0,0,0,0,0,4,4,4,4,4,4,,,0,0,0,0,0,1,4,4,4,4,4,4
,0,0,0,0,0,0,4,4,4,4,4,4,,,1,1,0,0,1,0,3,4,4,3,3,4,,,1,4,1,1,1,0,2,3,4,4,2,2,,,0,0,0,0,0,0,4,4,4,4,4,4,,,0,1,0,0,0,0,4,4,4,4,4,4
,0,0,0,0,0,0,4,4,4,4,4,4,,,0,1,1,0,1,1,3,4,3,3,3,4,,,1,0,1,4,1,3,4,0,0,1,3,0,,,0,0,0,2,0,0,4,4,4,4,4,4,,,1,0,0,0,0,0,4,4,4,4,4,3
,0,0,0,0,0,0,4,4,4,4,4,4,,,1,0,0,0,1,0,4,3,4,3,4,2,,,1,2,0,4,4,3,4,3,4,4,0,4,,,0,0,0,0,0,0,4,4,4,4,4,4,,,0,0,0,0,0,0,4,3,4,4,4,4
,0,0,0,0,0,0,4,4,4,4,4,4,,,0,0,0,0,1,1,3,3,4,4,2,4,,,0,4,2,2,4,1,3,1,0,4,4,0,,,0,0,0,0,0,0,4,4,4,4,4,4,,,1,0,0,0,1,0,4,3,4,3,4,4
,0,0,0,0,0,0,4,4,4,4,4,4,,,3,0,0,0,1,1,3,4,3,3,4,3,,,0,2,2,1,3,0,3,4,2,0,2,0,,,0,0,2,0,0,0,4,4,4,4,4,4,,,0,1,1,0,0,0,4,4,3,4,4,4
,0,0,0,0,0,0,4,4,4,4,4,4,,,0,0,1,1,1,1,3,4,2,4,4,4,,,3,1,2,0,1,0,4,4,0,4,4,3,,,0,0,0,0,0,0,4,4,4,4,4,4,,,0,0,0,0,0,0,4,4,4,4,4,4
,,,,,,,,,,,,,,,,,,,,,,,,,,,,,,,,,,,,,,,,,,,,,,,,,,,,,,,,,,,,,,,,,,,,
D18,0,0,0,0,0,0,4,4,4,4,4,4,,D18,0,0,0,0,0,0,4,4,4,4,4,4,,D18,2,0,2,0,1,4,0,1,4,3,0,1,,D18,0,0,0,0,0,0,4,4,4,4,4,4,,D18,0,0,0,0,0,0,4,4,4,4,4,4
,0,0,0,0,0,0,4,4,4,4,4,4,,,0,0,0,0,0,0,4,4,4,4,4,4,,,0,0,2,4,2,4,4,0,0,4,1,2,,,0,0,0,0,0,0,4,4,4,4,4,4,,,0,0,0,0,0,0,4,4,4,4,4,4
,0,0,0,0,0,0,4,4,4,4,4,4,,,0,0,0,0,0,0,3,4,4,4,3,4,,,1,4,2,2,1,0,1,3,4,4,1,1,,,0,0,0,0,0,0,4,4,4,4,4,4,,,0,0,0,0,0,0,4,4,4,4,4,4
,0,0,0,0,0,0,4,4,4,4,4,4,,,0,1,0,0,0,0,4,4,4,4,4,4,,,1,0,1,4,1,4,4,0,0,1,2,0,,,0,0,0,0,0,0,4,4,4,4,4,4,,,0,0,0,0,0,0,4,4,4,4,4,4
,0,0,0,0,0,0,4,4,4,4,4,4,,,0,0,0,0,0,0,4,4,4,3,4,4,,,1,3,0,4,4,4,4,3,4,4,0,4,,,0,0,0,0,0,0,4,4,4,4,4,4,,,0,0,0,0,0,0,4,4,4,4,4,4
,0,0,0,0,0,0,4,4,4,4,4,4,,,0,0,0,0,0,0,4,4,4,4,4,4,,,0,4,2,3,4,1,3,0,0,4,4,0,,,0,0,0,0,0,0,4,4,4,4,4,4,,,0,0,0,0,0,0,4,4,4,4,4,4
,0,0,0,0,0,0,4,4,4,4,4,4,,,0,0,0,0,0,0,4,4,4,4,4,4,,,0,3,3,1,3,0,3,4,1,0,1,0,,,0,0,0,0,0,0,4,4,4,4,4,4,,,0,0,0,0,0,0,4,4,4,4,4,4
,0,0,0,0,0,0,4,4,4,4,4,4,,,0,0,0,0,0,0,4,4,4,4,4,4,,,4,1,3,0,1,0,4,4,0,4,4,2,,,0,0,0,0,0,0,4,4,4,4,4,4,,,0,0,0,0,0,0,4,4,4,4,4,4
,,,,,,,,,,,,,,,,,,,,,,,,,,,,,,,,,,,,,,,,,,,,,,,,,,,,,,,,,,,,,,,,,,,,
D20,0,0,0,0,0,0,4,4,4,4,4,4,,D20,0,0,0,0,0,0,4,4,4,4,4,4,,D20,1,0,1,0,1,4,0,2,4,3,0,3,,D20,0,0,0,0,0,0,4,4,4,4,4,4,,D20,0,0,0,0,0,0,4,4,4,4,4,4
,0,0,0,0,0,0,4,4,4,4,4,4,,,0,0,0,0,0,0,4,4,4,4,4,4,,,0,0,1,4,1,4,4,0,0,4,2,3,,,0,0,0,0,0,0,4,4,4,4,4,4,,,0,0,0,0,0,0,4,4,4,4,4,4
,0,0,0,0,0,0,4,4,4,4,4,4,,,0,0,0,0,0,0,3,4,4,4,4,4,,,1,4,1,1,1,0,2,3,4,4,2,2,,,0,0,0,0,0,0,4,4,4,4,4,4,,,0,0,0,0,0,0,4,4,4,4,4,4
,0,0,0,0,0,0,4,4,4,4,4,4,,,0,1,0,0,0,0,4,4,4,4,4,4,,,1,0,1,4,1,4,4,0,0,1,3,0,,,0,0,0,0,0,0,4,4,4,4,4,4,,,0,0,0,0,0,0,4,4,4,4,4,4
,0,0,0,0,0,0,4,4,4,4,4,4,,,0,0,0,0,0,0,4,4,4,3,4,4,,,1,1,0,4,4,4,4,3,4,4,0,4,,,0,0,0,0,0,0,4,4,4,4,4,4,,,0,0,0,0,0,0,4,4,4,4,4,4
,0,0,0,0,0,0,4,4,4,4,4,4,,,0,0,0,0,0,0,4,4,4,4,4,4,,,0,4,1,2,4,1,3,0,0,4,4,0,,,0,0,0,0,0,0,4,4,4,4,4,4,,,0,0,0,0,0,0,4,4,4,4,4,4
,0,0,0,0,0,0,4,4,4,4,4,4,,,0,0,0,0,0,0,4,4,4,4,4,4,,,0,1,2,1,3,0,4,4,2,0,1,0,,,0,0,0,0,0,0,4,4,4,4,4,4,,,0,0,0,0,0,0,4,4,4,4,4,4
,0,0,0,0,0,0,4,4,4,4,4,4,,,0,0,0,0,0,0,4,4,4,4,4,4,,,4,1,3,0,1,0,4,4,0,4,4,3,,,0,0,0,0,0,0,4,4,4,4,4,4,,,0,0,0,0,0,0,4,4,4,4,4,4
,,,,,,,,,,,,,,,,,,,,,,,,,,,,,,,,,,,,,,,,,,,,,,,,,,,,,,,,,,,,,,,,,,,,
D22,0,0,0,0,0,0,4,4,4,4,4,4,,D22,0,0,0,0,0,0,4,4,4,4,4,4,,D22,1,0,1,0,1,4,0,2,4,3,0,3,,D22,0,0,0,0,0,0,4,4,4,4,4,4,,D22,0,0,0,0,0,0,4,4,4,4,4,4
,0,0,0,0,0,0,4,4,4,4,4,4,,,0,0,0,0,0,0,4,4,4,4,4,4,,,0,0,1,4,1,4,4,0,0,4,3,3,,,0,0,0,0,0,0,4,4,4,4,4,4,,,0,0,0,0,0,0,4,4,4,4,4,4
,0,0,0,0,0,0,4,4,4,4,4,4,,,0,0,0,0,0,0,3,4,4,4,4,4,,,1,4,1,1,1,0,2,3,4,4,2,2,,,0,0,0,0,0,0,4,4,4,4,4,4,,,0,0,0,0,0,0,4,4,4,4,4,4
,0,0,0,0,0,0,4,4,4,4,4,4,,,0,1,0,0,0,0,4,4,4,4,4,4,,,1,0,1,4,1,4,4,0,0,1,3,0,,,0,0,0,0,0,0,4,4,4,4,4,4,,,0,0,0,0,0,0,4,4,4,4,4,4
,0,0,0,0,0,0,4,4,4,4,4,4,,,0,0,0,0,0,0,4,4,4,3,4,4,,,1,1,0,4,4,4,4,3,4,4,0,4,,,0,0,0,0,0,0,4,4,4,4,4,4,,,0,0,0,0,0,0,4,4,4,4,4,4
,0,0,0,0,0,0,4,4,4,4,4,4,,,0,0,0,0,0,0,4,4,4,4,4,4,,,0,4,2,2,4,1,3,0,0,4,4,0,,,0,0,0,0,0,0,4,4,4,4,4,4,,,0,0,0,0,0,0,4,4,4,4,4,4
,0,0,0,0,0,0,4,4,4,4,4,4,,,0,0,0,0,0,0,4,4,4,4,4,4,,,0,1,3,1,3,0,4,4,2,0,1,0,,,0,0,0,0,0,0,4,4,4,4,4,4,,,0,0,0,0,0,0,4,4,4,4,4,4
,0,0,0,0,0,0,4,4,4,4,4,4,,,0,0,0,0,0,0,4,4,4,4,4,4,,,4,1,3,0,1,0,4,4,0,4,4,3,,,0,0,0,0,0,0,4,4,4,4,4,4,,,0,0,0,0,0,0,4,4,4,4,4,4
,,,,,,,,,,,,,,,,,,,,,,,,,,,,,,,,,,,,,,,,,,,,,,,,,,,,,,,,,,,,,,,,,,,,
D24,0,0,0,0,0,0,4,4,4,4,4,4,,D24,0,0,0,0,0,0,4,4,4,4,4,4,,D24,2,0,2,0,1,4,0,0,4,3,0,2,,D24,0,0,0,0,0,0,4,4,4,4,4,4,,D24,0,0,0,0,0,0,4,4,4,4,4,4
,0,0,0,0,0,0,4,4,4,4,4,4,,,0,0,0,0,0,0,4,4,4,4,4,4,,,0,0,2,4,1,4,4,0,0,4,1,2,,,0,0,0,0,0,0,4,4,4,4,4,4,,,0,0,0,0,0,0,4,4,4,4,4,4
,0,0,0,0,0,0,4,4,4,4,4,4,,,0,0,0,0,0,0,2,4,4,4,4,4,,,1,4,2,2,1,0,1,3,4,4,1,1,,,0,0,0,0,0,0,4,4,4,4,4,4,,,0,0,0,0,0,0,4,4,4,4,4,4
,0,0,0,0,0,0,4,4,4,4,4,4,,,0,0,0,0,0,0,4,4,4,4,4,4,,,1,0,1,4,1,4,4,0,0,1,2,0,,,0,0,0,0,0,0,4,4,4,4,4,4,,,0,0,0,0,0,0,4,4,4,4,4,4
,0,0,0,0,0,0,4,4,4,4,4,4,,,0,0,0,0,0,0,4,4,4,3,4,4,,,1,3,0,4,4,4,4,3,4,4,0,4,,,0,0,0,0,0,0,4,4,4,4,4,4,,,0,0,0,0,0,0,4,4,4,4,4,4
,0,0,0,0,0,0,4,4,4,4,4,4,,,0,0,0,0,0,0,4,4,4,4,4,4,,,0,4,3,3,4,1,3,0,0,4,4,0,,,0,0,0,0,0,0,4,4,4,4,4,4,,,0,0,0,0,0,0,4,4,4,4,4,4
,0,0,0,0,0,0,4,4,4,4,4,4,,,0,0,0,0,0,0,4,4,4,4,4,4,,,0,3,3,1,4,0,4,4,1,0,1,0,,,0,0,0,0,0,0,4,4,4,4,4,4,,,0,0,0,0,0,0,4,4,4,4,4,4
,0,0,0,0,0,0,4,4,4,4,4,4,,,0,0,0,0,0,0,4,4,4,4,4,4,,,4,1,3,0,1,0,4,4,0,4,4,2,,,0,0,0,0,0,0,4,4,4,4,4,4,,,0,0,0,0,0,0,4,4,4,4,4,4
