natural_day,natural_temperature_today_C,natural_is_heat_day,natural_is_recurrent_preheat_day,natural_WT_aneuploid_fraction_within_WT,natural_Edit_aneuploid_fraction_within_Edit,natural_Edit_minus_WT_aneuploid_fraction,natural_pooled_aneuploid_fraction_whole_population,natural_WT_total_whole_population,natural_Edit_total_whole_population,natural_edited_strain_frequency,natural_WT_euploid_whole_population,natural_Edit_euploid_whole_population,natural_WT_aneuploid_whole_population,natural_Edit_aneuploid_whole_population,counterfactual_day,counterfactual_temperature_today_C,counterfactual_is_heat_day,counterfactual_is_recurrent_preheat_day,counterfactual_WT_aneuploid_fraction_within_WT,counterfactual_Edit_aneuploid_fraction_within_Edit,counterfactual_Edit_minus_WT_aneuploid_fraction,counterfactual_pooled_aneuploid_fraction_whole_population,counterfactual_WT_total_whole_population,counterfactual_Edit_total_whole_population,counterfactual_edited_strain_frequency,counterfactual_WT_euploid_whole_population,counterfactual_Edit_euploid_whole_population,counterfactual_WT_aneuploid_whole_population,counterfactual_Edit_aneuploid_whole_population,period_days
0,39,True,False,1.6655152521610168e-06,0.00010515727082600389,0.00010349175557384287,5.341139303908245e-05,0.49999999999999994,0.5,0.5,0.49999916724237387,0.49994742136458703,8.327576260805083e-07,5.257863541300194e-05,0,39,True,False,1.6655152521610168e-06,0.00010515727082600389,0.00010349175557384287,5.341139303908245e-05,0.49999999999999994,0.5,0.5,0.49999916724237387,0.49994742136458703,8.327576260805083e-07,5.257863541300194e-05,5
1,30,False,False,0.0464874908519928,0.14816843728153234,0.10168094642953954,0.10673826788782925,0.4074526334431043,0.5925473665568958,0.5925473665568958,0.3885111828732976,0.5047505492388732,0.018941450569806687,0.08779681731802257,1,30,False,False,0.0464874908519928,0.14816843728153234,0.10168094642953954,0.10673826788782925,0.4074526334431043,0.5925473665568958,0.5925473665568958,0.3885111828732976,0.5047505492388732,0.018941450569806687,0.08779681731802257,5
2,30,False,False,0.010064461248765573,0.06569642775764356,0.055631966508877986,0.038914240952250295,0.48141722261641157,0.5185827773835884,0.5185827773835884,0.47657201763490037,0.4845137414128493,0.0048452049815112235,0.03406903597073907,2,30,False,False,0.010064461248765573,0.06569642775764356,0.055631966508877986,0.038914240952250295,0.48141722261641157,0.5185827773835884,0.5185827773835884,0.47657201763490037,0.4845137414128493,0.0048452049815112235,0.03406903597073907,5
3,30,False,False,0.0021166594651036304,0.027675165575484856,0.025558506110381227,0.01360484100895421,0.5505143573636189,0.44948564263638113,0.44948564263638113,0.5493491059384297,0.43704605305261607,0.0011652514251891464,0.012439589583765063,3,30,False,False,0.0021166594651036304,0.027675165575484856,0.025558506110381227,0.01360484100895421,0.5505143573636189,0.44948564263638113,0.44948564263638113,0.5493491059384297,0.43704605305261607,0.0011652514251891464,0.012439589583765063,5
4,30,False,False,0.00044339294942925063,0.011426636020230927,0.010983243070801675,0.004686271688983613,0.6136952708591316,0.3863047291408685,0.3863047291408685,0.6134231627029345,0.3818905656080819,0.0002721081561970132,0.0044141635327866,4,30,False,False,0.00044339294942925063,0.011426636020230927,0.010983243070801675,0.004686271688983613,0.6136952708591316,0.3863047291408685,0.3863047291408685,0.6134231627029345,0.3818905656080819,0.0002721081561970132,0.0044141635327866,5
5,39,True,True,9.380035016222951e-05,0.00470892703335066,0.00461512668318843,0.0016103337079381647,0.6713994085362321,0.32860059146376785,0.32860059146376785,0.6713364310366128,0.3270532352554491,6.297749961941236e-05,0.0015473562083187524,5,39,True,True,0.0016103337079381645,0.0016103337079381647,2.168404344971009e-19,0.0016103337079381645,0.6713994085362321,0.32860059146376785,0.32860059146376785,0.6703182314371765,0.3280714348548853,0.0010811770990556413,0.0005291566088825233,5
6,30,False,False,0.3075909058535916,0.637200626669926,0.32960972081633444,0.48794432160234535,0.4528273762616045,0.5471726237383955,0.5471726237383955,0.3135417934019924,0.19851388499566222,0.1392855828596121,0.34865873874273323,6,30,False,False,0.8784138301934709,0.39712565407934525,-0.4812881761141256,0.8237017986939228,0.8863216795781526,0.1136783204218473,0.1136783204218473,0.10776445823639741,0.06853374306967981,0.7785572213417552,0.0451445773521675,5
7,30,False,False,0.08477398348986387,0.4149849340463497,0.3302109505564858,0.22897046658370712,0.563320105372529,0.43667989462747103,0.43667989462747103,0.5155652160601698,0.25546431735612307,0.04775488931235915,0.181215577271348,7,30,False,False,0.6010146738399845,0.2101762361102323,-0.39083843772975224,0.5224965677344248,0.7991034183801244,0.2008965816198755,0.2008965816198755,0.3188305380179773,0.15867289424759798,0.4802728803621472,0.04222368737227751,5
8,30,False,False,0.018948431821354125,0.22273076919247403,0.2037823373711199,0.08591141054605632,0.6713994962048551,0.32860050379514494,0.32860050379514494,0.6586775286261258,0.25541106082781784,0.012721967578729204,0.07318944296732711,8,30,False,False,0.23901396468207664,0.09709772664202683,-0.14191623804004982,0.20394346025259416,0.752878846608199,0.24712115339180107,0.24712115339180107,0.5729302885551043,0.2231262511923016,0.17994855805309468,0.02399490219949948,5
9,30,False,False,0.004012316218978438,0.10378126992109592,0.09976895370211748,0.029172090024857482,0.7478196084826231,0.252180391517377,0.252180391517377,0.7448191197386381,0.22600879023650441,0.003000488743984934,0.026171601280872547,9,30,False,False,0.06146437971520966,0.04168403987180259,-0.019780339843407074,0.05691767619785554,0.7701402729503881,0.22985972704961202,0.22985972704961202,0.7228040787797902,0.22027824502235432,0.04733619417059787,0.009581482027257688,5
10,39,True,True,0.0008405714811404783,0.044737879358893014,0.043897307877752534,0.009574021585934019,0.8010481615611851,0.19895183843881492,0.19895183843881492,0.8003748233215567,0.19005115509250925,0.0006733382396283424,0.008900683346305676,10,39,True,True,0.014216610221656562,0.014216610221656562,0.0,0.014216610221656562,0.8068323827119797,0.19316761728802037,0.19316761728802037,0.795361961212753,0.19042142856559047,0.01147042149922665,0.0027461887224299133,5
11,30,False,False,0.7908162496576088,0.9429949277492274,0.15217867809161867,0.8717109466096704,0.4684229225374182,0.5315770774625819,0.5315770774625819,0.09798646368272056,0.030302589707608966,0.3704364588546976,0.5012744877549729,11,30,False,False,0.9847060786262485,0.8377977345355938,-0.14690834409065467,0.9805175779640698,0.9714890213479362,0.028510978652063753,0.028510978652063753,0.014857876707958084,0.004624545327972064,0.9566311446399781,0.02388643332409169,5
12,30,False,False,0.4407937758733528,0.8696873733813976,0.4288935975080448,0.6594096956812364,0.4902793581483038,0.5097206418516962,0.5097206418516962,0.27416726863734914,0.06642303568141444,0.21611208951095467,0.44329760617028174,12,30,False,False,0.9306681875348382,0.6759038041753823,-0.25476438335945584,0.9180483002499704,0.9504644757699041,0.04953552423009577,0.04953552423009577,0.06589742478887739,0.016054274961152217,0.8845670509810267,0.03348124926894356,5
13,30,False,False,0.14115571472987407,0.7293179520666063,0.5881622373367322,0.3621307256955588,0.6242958202038174,0.3757041797961827,0.3757041797961827,0.5361728975000746,0.10169637680436665,0.08812292270374279,0.27400780299181604,13,30,False,False,0.7367586585658275,0.45719103983642834,-0.2795676187293991,0.7130961588551294,0.9153603703524704,0.0846396296475295,0.0846396296475295,0.24096069178726537,0.04594314935760529,0.6743996785652051,0.0386964802899242,5
14,30,False,False,0.03313478741233424,0.5210974186082568,0.48796263119592254,0.14565729421131013,0.7694034345966201,0.23059656540337992,0.23059656540337992,0.7439094153569412,0.1104332904317486,0.02549401923967882,0.12016327497163132,14,30,False,False,0.36851272359486037,0.253860548008587,-0.11465217558627339,0.3556575876238881,0.8878770864552932,0.11212291354470669,0.11212291354470669,0.5606830831081838,0.08365932926792802,0.3271940033471094,0.028463584276778663,5
15,39,True,True,0.007096156077392259,0.3053201882324868,0.2982240321550945,0.04956399607133496,0.8575975259704863,0.14240247402951367,0.14240247402951367,0.8515118800746143,0.09892412385405074,0.006085645895872033,0.04347835017546293,15,39,True,True,0.10978916034828085,0.10978916034828083,-1.3877787807814457e-17,0.10978916034828085,0.8941281358261831,0.10587186417381693,0.10587186417381693,0.7959625585500528,0.09424828110166633,0.09816557727613025,0.011623583072150596,5
16,30,False,False,0.9696257875909001,0.9934419554180123,0.023816167827112156,0.9795517428244177,0.5832261804009516,0.4167738195990484,0.4167738195990484,0.01771503588604647,0.002733221289535858,0.5655111445149051,0.41404059830951256,16,30,False,False,0.998184302452535,0.9773997759996302,-0.02078452645290474,0.9979293179503534,0.9877320032881483,0.012267996711851763,0.012267996711851763,0.0017934225759229097,0.00027725947372364963,0.9859385807122253,0.011990737238128114,5
17,30,False,False,0.869378822579458,0.9837542060200103,0.11437538344055231,0.9260118758199227,0.5048492819269947,0.4951507180730053,0.4951507180730053,0.06594400762521924,0.008044116554858026,0.4389052743017755,0.4871066015181473,17,30,False,False,0.9913441920020396,0.9456987898887372,-0.04564540211330237,0.9904788163835563,0.981041340892667,0.01895865910733291,0.01895865910733291,0.008491705484828594,0.001029478131615089,0.9725496354078385,0.01792918097571782,5
18,30,False,False,0.5811944559678861,0.9605623864424455,0.3793679304745594,0.7725601129852048,0.49556712192847907,0.5044328780715209,0.5044328780715209,0.20754625810368557,0.019893628911109643,0.28802086382479347,0.4845392491604113,18,30,False,False,0.9598002767104459,0.8754023663023339,-0.08439791040811195,0.9572912699550528,0.9702716957889057,0.029728304211094306,0.029728304211094306,0.039004653686400534,0.0037040763585467155,0.9312670421025052,0.026024227852547592,5
19,30,False,False,0.224417096797196,0.9075882815411134,0.6831711847439174,0.4886078821742338,0.6132875752421143,0.3867124247578857,0.3867124247578857,0.47565535810448717,0.03573675972127913,0.1376322171376272,0.3509756650366066,19,30,False,False,0.8327214690683662,0.7393390680146787,-0.09338240105368745,0.8284689746385787,0.9544615004347279,0.045538499565272283,0.045538499565272283,0.15966091762352413,0.011870107737897017,0.7948005828112037,0.033668391827375264,5
20,39,True,True,0.056900013518379935,0.7985539891279231,0.7416539756095432,0.2170613484324162,0.7840484374368728,0.2159515625631272,0.2159515625631272,0.73943607074765,0.0435025808199337,0.04461236668922273,0.17244898174319348,20,39,True,True,0.5107289173173244,0.5107289173173244,0.0,0.5107289173173244,0.9422779775273542,0.057722022472645844,0.057722022472645844,0.46102936625285046,0.028241716429825165,0.48124861127450375,0.02948030604282068,5
21,30,False,False,0.9962982078744685,0.999140834009929,0.002842626135460491,0.9971032232902622,0.716805736163638,0.283194263836362,0.283194263836362,0.0026534658296662947,0.0002433108800714242,0.7141522703339717,0.2829509529562906,21,30,False,False,0.9997829513975165,0.9971446826375777,-0.0026382687599387777,0.9997664418317902,0.9937422729719492,0.006257727028050826,0.006257727028050826,0.00021569037157735807,1.7867796632492723e-05,0.9935265826003719,0.006239859231418333,5
22,30,False,False,0.9824849590667157,0.9977063008649356,0.015221341798219878,0.98814166105922,0.6283703455653485,0.37162965443465146,0.37162965443465146,0.011005932323839082,0.0008524066169410088,0.6173644132415095,0.37077724781771043,22,30,False,False,0.9989525041274834,0.992792698247677,-0.006159805879806357,0.9988940575004209,0.9905116121834228,0.00948838781657724,0.00948838781657724,0.0010375568254418876,6.838567413713826e-05,0.9894740553579808,0.009420002142440103,5
23,30,False,False,0.9212279339543586,0.9941722263794432,0.0729442924250846,0.9546056507260475,0.542421817224857,0.45757818277514284,0.45757818277514284,0.0427276872110333,0.0026666620629192633,0.4996941300138238,0.45491152071222357,23,30,False,False,0.9949887484375654,0.9821794162470178,-0.012809332190547584,0.994804183627513,0.9855913792142476,0.01440862078575247,0.01440862078575247,0.004939046339009511,0.0002567700334774614,0.980652332875238,0.014151850752275008,5
24,30,False,False,0.7091670250509104,0.9855290718019986,0.2763620467510881,0.846863319176825,0.501753964610293,0.4982460353897071,0.4982460353897071,0.1459265982201117,0.0072100826030633254,0.35582736639018125,0.49103595278664375,24,30,False,False,0.9764074741467378,0.9568534939122487,-0.019553980234489066,0.9759805177471171,0.9781652433673041,0.02183475663269584,0.02183475663269584,0.023077388792905648,0.0009420934599771802,0.9550878545743985,0.02089266317271866,5
