comparison,formulation,k,RSS,R2,RMSE,AIC,BIC,delta_AIC,delta_BIC,mechanism,n,temperature_effect,reverse_transition,g_WT,g_Edit,simulation_method,interpretation_note
stress priming,Without priming,6,1.041327385603233,0.7182599084727187,0.1265718030090936,-256.70291748633076,-243.65659386695697,55.769172498122259,51.420397958330938,,,,,,,,
stress priming,With priming (final model),8,0.41518565427176696,0.88766794588084386,0.079921659168094294,-312.47208998445302,-295.07699182528791,0,0,,,,,,,,
mechanistic architecture,Transition matrix only,0,7.2142064150710308,-0.9518656704696018,0.33314830181331062,-142.89177985552604,-142.89177985552604,169.58031012892698,152.18521196976187,measured switching; neutral fitness; no memory,65,,,,,,
mechanistic architecture,Two-lineage selection only,2,1.884448136719939,0.49014632875488062,0.17026893373628471,-226.14889673917128,-221.80012219938001,86.323193245281743,73.276869625907892,temperature-dependent Edit fitness; no chromosome switching; no memory,65,,,,,,
mechanistic architecture,Switching + state-specific selection,6,1.041327385603233,0.7182599084727187,0.1265718030090936,-256.70291748633076,-243.65659386695697,55.769172498122259,51.420397958330938,four states + measured switching + temperature-specific fitness; beta=0,65,,,,,,
mechanistic architecture,Full model,8,0.41518565427176696,0.88766794588084386,0.079921659168094294,-312.47208998445302,-295.07699182528791,0,0,switching + state-specific selection + heat priming/decay,65,,,,,,
transition-rate formulation,30 C rates only,8,0.42155758900786983,0.88594396406631015,0.0805326105956575,-311.4820998827982,-294.08700172363308,4.4185198155131502,0.98999010165482559,,,None; independently measured 30 C rates used at both temperatures,Same measured rate as the forward transition,,,,
transition-rate formulation,Shared 11.5-fold heat multiplier (final model),8,0.41518565427176696,0.88766794588084386,0.079921659168094294,-312.47208998445302,-295.07699182528791,3.4285297138583246,0,,,Every measured 30 C rate multiplied by the fixed factor 11.5 at 39 C,Same temperature-specific rate as the forward transition,,,,
transition-rate formulation,Fitted reverse rates,10,0.37034711235749213,0.8997993995211987,0.075482765466184001,-315.90061969831135,-294.15674699935499,0,0.92024482593291168,,,No heat multiplier in this comparison formulation,Separate WT and edited reverse rates fitted from competition data,,,,
generations per day,Fixed 10 generations/day,8,0.41518565427176696,0.88766794588084386,0.079921659168094294,-312.47208998445302,-295.07699182528791,0,0,,,,,10,10,exact_matrix_power_v2,Primary exact 10-generation model; shared fitted parameters
generations per day,Shared fitted generations/day,9,0.414375551359209,0.88788712620000765,0.079843650232497301,-310.59904072828556,-291.02955529922485,1.8730492561674623,4.047436526063052,,,,,8.0997911932244921,8.0997911932244921,exact_matrix_power_v2,Exact matrix-power generation simulator; baseline identity verified
generations per day,Separate fitted generations/day,10,0.41625865692052461,0.88737763577409967,0.080024866992946794,-308.3043211755267,-286.56044847657034,4.1677688089263256,8.5165433487175619,,,,,8.0982336739648755,8.5510687237377745,exact_matrix_power_v2,Exact matrix-power generation simulator; baseline identity verified
