N,mu,median_D24,median_late,p_edit_gt_half,p_edit_extinct,p_WT_extinct,median_peak,scenario
3000,2.825e-06,0.019,0.026722222222222224,0.0,0.0,0.0,0.5638333333333334,
3000,1.996e-05,0.020666666666666667,0.029166666666666667,0.0,0.0,0.0,0.5918333333333333,
3000,0.0001,0.0465,0.0943888888888889,0.0,0.0,0.0,0.6963333333333334,
3000,0.001,0.2465,0.34805555555555556,0.0033333333333333335,0.0,0.0,0.9213333333333333,
3000,0.01,0.9488333333333333,0.8857777777777778,1.0,0.0,0.0,0.9923333333333333,
30000,2.825e-06,0.019666666666666666,0.027272222222222225,0.0,0.0,0.0,0.5650999999999999,
30000,1.996e-05,0.024900000000000002,0.046227777777777784,0.0,0.0,0.0,0.5967666666666667,
30000,0.0001,0.04903333333333333,0.11214999999999999,0.0,0.0,0.0,0.7016833333333333,
30000,0.001,0.2571,0.35285,0.0,0.0,0.0,0.9205666666666668,
30000,0.01,0.9450666666666667,0.8816888888888887,1.0,0.0,0.0,0.9915,
300000,2.825e-06,0.019898333333333334,0.02914777777777778,0.0,0.0,0.0,0.56545,
300000,1.996e-05,0.025763333333333333,0.048902777777777774,0.0,0.0,0.0,0.5979666666666666,
300000,0.0001,0.051699999999999996,0.11738722222222223,0.0,0.0,0.0,0.7012616666666667,
300000,0.001,0.25584833333333334,0.35263500000000003,0.0,0.0,0.0,0.9204866666666667,
300000,0.01,0.945145,0.8827550000000001,1.0,0.0,0.0,0.9913150000000001,
3000,0.01,1.0,,0.69,0.013333333333333334,0.69,,every3 high-mu rebound
30000,0.01,0.034850000000000006,,0.04666666666666667,0.0,0.04,,every3 high-mu rebound
300000,0.01,0.03226833333333333,,0.0,0.0,0.0,,every3 high-mu rebound
