rep,measured,maximal,delta
0,0.05411802741435865,0.8875259912702239,0.8334079638558652
1,0.050594482810762335,0.871976830595874,0.8213823477851118
2,0.047276407594983895,0.8909314846847011,0.8436550770897172
3,0.04883326019662368,0.8594928063577401,0.8106595461611164
4,0.05337569408721262,0.8724493578298759,0.8190736637426632
5,0.044852845519223576,0.873375237550459,0.8285223920312355
6,0.05338973196558364,0.9046830101473115,0.8512932781817278
7,0.04616334472995667,0.873633425070279,0.8274700803403223
8,0.051929747342884545,0.8672771492321522,0.8153474018892676
9,0.05024642150816927,0.8678360190925908,0.8175895975844215
10,0.049569535901304584,0.8834546616287247,0.83388512572742
11,0.05314995923152784,0.8715657245839736,0.8184157653524458
12,0.04732384067803397,0.8787995232318639,0.83147568255383
13,0.04674342496700493,0.8446710573259032,0.7979276323588983
14,0.04750597985839564,0.8623472301075643,0.8148412502491686
15,0.050730355440712006,0.8979125134154428,0.8471821579747307
16,0.04613976042011488,0.8555790860300904,0.8094393256099754
17,0.05016831812175238,0.8905635590421249,0.8403952409203725
18,0.04819731364439667,0.8924437863015312,0.8442464726571346
19,0.057756329126292895,0.8954054512223633,0.8376491220960703
20,0.05003261772383135,0.8861130313384523,0.8360804136146209
21,0.04915178775907988,0.88761123765295,0.8384594498938701
22,0.047177253283026944,0.8809602513852072,0.8337829981021803
23,0.05299754648371541,0.8817094810622209,0.8287119345785054
