phase,mu,late_sample,last7_daily,d24
0,1.996e-05,0.04926512011078906,0.04418411571091727,0.025967357395676485
0,0.0001,0.11868876328245186,0.08703192646027004,0.05243515750067913
0,0.001,0.3525624148339214,0.26925587991313066,0.25642650107608755
0,0.01,0.8825502455795803,0.8450736167728733,0.9451626207926569
1,1.996e-05,0.02845719552285349,0.040033342297357666,0.03596127077099
1,0.0001,0.04975948703996471,0.07686676024434529,0.09747297096158394
1,0.001,0.18054803276903372,0.2496897494008838,0.4348663348501234
1,0.01,0.7459097693423603,0.7994875099477088,0.9673437119682228
2,1.996e-05,0.0359901273037616,0.03726092459759052,0.05712776199052662
2,0.0001,0.08092487135451616,0.07063119984206566,0.1839787058171021
2,0.001,0.2628434473329335,0.23436747564347934,0.6317006737733457
2,0.01,0.7682093148308896,0.7476189648503044,0.9824134619532314
3,1.996e-05,0.021835613685732714,0.03611135848068038,0.011187511580024798
3,0.0001,0.028889847454284582,0.06930143534627818,0.01104092239641497
3,0.001,0.09350451659247079,0.21960954047019102,0.017753266931265135
3,0.01,0.5910443997908678,0.6905414378766845,0.3657652127620643
4,1.996e-05,0.024589862474426863,0.031348131583841955,0.011268678895462346
4,0.0001,0.04194615734630111,0.05860331053531647,0.011437370925238657
4,0.001,0.15765428461415887,0.19303702667435071,0.020832240150289384
4,0.01,0.6329416272370025,0.6245223079678811,0.37712229223097754
5,1.996e-05,0.03045126075882168,0.027538739227340233,0.01146876370093141
5,0.0001,0.06850543888685874,0.049673917094677764,0.012415542698415046
5,0.001,0.24675482187974498,0.16817463001231842,0.02832800428404926
5,0.01,0.6844659129207257,0.5572621720796754,0.4024269959139569
6,1.996e-05,0.0187111660915074,0.024518688072580692,0.011960015398230989
6,0.0001,0.0295202698711399,0.042357171261479525,0.014821120755872068
6,0.001,0.10942596861060849,0.14553817056397125,0.04628169242546358
6,0.01,0.46805209960643107,0.4903560260201781,0.4547482535723004
