days,mu,last_cycle,gm,gm_late
24,1.996e-05,0.04418411571091727,0.985010952119197,0.9862613462053754
24,0.0001,0.08703192646027004,0.9880127676659152,0.9920348657963151
24,0.001,0.26925587991313066,0.9955738845058698,1.0034774460926592
24,0.01,0.8450736167728733,1.0119330749708864,1.0141598898764395
48,1.996e-05,0.0033648007997728988,0.9829739394499675,0.9809411393436599
48,0.0001,0.013850116081188014,0.9841274559830098,0.9802574230974715
48,0.001,0.08694525793628557,0.9890831276467651,0.9826346880131919
48,0.01,0.911604437388994,1.003544669397653,0.9952257993992534
98,1.996e-05,5.70246435944252e-05,0.9849093085497053,0.987232621487125
98,0.0001,0.00026136681790383815,0.986708200192473,0.9901490535808305
98,0.001,0.0022208380890943956,0.9901257682909795,0.9919202555799993
98,0.01,0.9767056430346462,1.0027520909328425,1.0028497858668703
140,1.996e-05,1.923839107612294e-06,0.9869609962242155,0.9907537350256965
140,0.0001,8.518950385174219e-06,0.9882490707500788,0.9916505939422611
140,0.001,7.457664613045018e-05,0.9906681850929645,0.9919343718640877
140,0.01,0.9927308672329832,1.0027813984324487,1.0028497859249628
280,1.996e-05,2.393942226254659e-11,0.9894593389735514,0.9919640059003545
280,0.0001,9.399335463591658e-11,0.9900627347164948,0.9918797271727422
280,0.001,8.896416778038806e-10,0.9913013929045315,0.9919350054450871
280,0.01,0.9998628840828693,1.0028155915981403,1.0028497859297618
