mu,preheat_delta,preheat_pooled,natural_late,erased_late
1e-09,-6.529685875704204e-06,6.0273040834097644e-06,0.026067215933730518,0.026105632681288266
1.176811952434999e-09,-6.505281568928769e-06,6.028759429371328e-06,0.0260674358125346,0.026105596970073527
1.3848863713938745e-09,-6.476562289207556e-06,6.030472097778443e-06,0.02606769456818892,0.026105554945121914
1.6297508346206469e-09,-6.442765097819759e-06,6.032487586270732e-06,0.02606799907444846,0.026105505490254338
1.9179102616724847e-09,-6.402992159386872e-06,6.034859436997155e-06,0.02606835742038172,0.02610544729200461
2.257019719633917e-09,-6.356186890541719e-06,6.037650658974966e-06,0.026068779125226704,0.026105378804756718
2.656087782946684e-09,-6.301105891401076e-06,6.0409354019359714e-06,0.02606927539123673,0.026105298209733948
3.1257158496882354e-09,-6.236285914192752e-06,6.044800926125422e-06,0.026069859401220977,0.026105203366749843
3.6783797718286344e-09,-6.1600049915488285e-06,6.049349920380055e-06,0.02607054666867319,0.026105091757440208
4.328761281083061e-09,-6.07023669182733e-06,6.054703230063268e-06,0.026071355449796524,0.02610496041849342
5.094138014816386e-09,-5.964596286242501e-06,6.06100306732248e-06,0.026072307228338417,0.026104805863096815
5.994842503189421e-09,-5.84027739772126e-06,6.068416788945641e-06,0.02607342728612432,0.026104623988554638
7.054802310718631e-09,-5.693977448548266e-06,6.077141342169824e-06,0.026074745374404202,0.02610440996763114
8.302175681319736e-09,-5.5218099263030845e-06,6.0874084965373965e-06,0.026076296503829435,0.02610415812077463
9.770099572992246e-09,-5.3192011374211075e-06,6.099491000772483e-06,0.026078121874004902,0.026103861765881895
1.1497569953977357e-08,-5.080768705625387e-06,6.113709828219474e-06,0.02608026996724848,0.026103513041670356
1.3530477745798075e-08,-4.800178587533943e-06,6.130442703295773e-06,0.026082797835543986,0.02610310270007048
1.592282793341094e-08,-4.469976807062648e-06,6.150134135432556e-06,0.026085772614763043,0.026102619862245848
1.873817422860383e-08,-4.081391438661152e-06,6.173307227009983e-06,0.026089273306240623,0.026102051731950033
2.2051307399030457e-08,-3.624099579097158e-06,6.200577568902052e-06,0.026093392872818116,0.026101383258844774
2.5950242113997372e-08,-3.0859531174548917e-06,6.23266959267824e-06,0.026098240704763114,0.02610059674319415
3.053855508833412e-08,-2.4526560185294203e-06,6.270435813735193e-06,0.026103945520668376,0.02609967137190145
3.593813663804626e-08,-1.7073845468152197e-06,6.314879476380436e-06,0.02611065877986685,0.026098582674240145
4.229242874389499e-08,-8.303403425925208e-07,6.367181202195984e-06,0.02611855869623993,0.02609730188372091
4.977023564332114e-08,2.0177552203338184e-07,6.428730349262014e-06,0.026127854959023034,0.026095795190421444
5.8570208180566614e-08,1.4163814782702235e-06,6.501161914835283e-06,0.026138794284563213,0.02609402286565679
6.892612104349695e-08,2.845743828118347e-06,6.586399961157418e-06,0.02615166694452258,0.026091938238157197
8.111308307896873e-08,4.52783389204811e-06,6.686708717104281e-06,0.02616681444117931,0.026089486497874733
9.545484566618327e-08,6.5073367052269066e-06,6.804752711948605e-06,0.026184638529896383,0.026086603300232186
1.1233240329780266e-07,8.836838055752925e-06,6.9436675369630876e-06,0.026205611823152453,0.026083213140057755
1.3219411484660288e-07,1.1578221394912157e-05,7.1071431122509596e-06,0.026230290250491155,0.02607922746068576
1.5556761439304723e-07,1.4804311723133625e-05,7.299521667465124e-06,0.02625932769526813,0.026074542459951795
1.8307382802953697e-07,1.860081011401293e-05,7.52591303466636e-06,0.026293493182984073,0.02606903655116759
2.1544346900318822e-07,2.3068570256357573e-05,7.792330309687062e-06,0.02633369105843678,0.02606256743409385
2.5353644939701113e-07,2.8326277475378814e-05,8.105849476989723e-06,0.02638098466087965,0.02605496872878757
2.9836472402833343e-07,3.451360137947921e-05,8.474797226181811e-06,0.026436624089075062,0.026046046124790775
3.5111917342151277e-07,4.1794905851581354e-05,8.908971932526135e-06,0.026502078742627597,0.026035573000336033
4.1320124001153343e-07,5.0363614896287254e-05,9.419903648230536e-06,0.026579075433366347,0.02602328547246277
4.862601580065354e-07,6.0447350257400895e-05,1.0021159978542047e-05,0.02666964298163123,0.02600887685093653
5.722367659350221e-07,7.231397719397575e-05,1.0728705923026051e-05,0.026776164347551642,0.025991991489001293
6.734150657750828e-07,8.627871888666667e-05,1.1561327178586698e-05,0.026901437496634196,0.025972218055347523
7.92482898353917e-07,0.00010271252827310816,1.2541128062539645e-05,0.027048746360972032,0.02594908229800604
9.326033468832199e-07,0.00012205193942418989,1.3694117162963814e-05,0.027221943429470975,0.025922039436775717
1.0974987654930544e-06,0.00014481065974229437,1.5050896107844092e-05,0.02742554567774072,0.02589046641151432
1.2915496650148827e-06,0.00017159321030582903,1.664746951994615e-05,0.027664845722541128,0.0258536543346517
1.519911082952933e-06,0.0002031109757891957,1.8526197355210616e-05,0.027946040244401643,0.025810801652878704
1.788649529057435e-06,0.00024020108893620597,2.0736914482490366e-05,0.02827637784634673,0.025761008718473078
2.104904144512022e-06,0.0002838486491605737,2.33382466359468e-05,0.02866432857938317,0.025703274704891556
2.477076355991709e-06,0.0003352128623358575,2.6399156853955598e-05,0.02911977732811731,0.02563649806691973
2.9150530628251757e-06,0.00039565779133189015,3.000076231759742e-05,0.02965424305935213,0.025559482024477442
3.4304692863149122e-06,0.00046678852674128757,3.423846823764459e-05,0.030281125520953286,0.025470946806628817
4.037017258596549e-06,0.0005504937271701395,3.922447324332988e-05,0.031015980242379088,0.025369550571954964
4.750810162102793e-06,0.0006489956413083412,4.5090709741648174e-05,0.031876821508993354,0.025253920940851483
5.590810182512223e-06,0.0007649089127153994,5.199229309289828e-05,0.03288445120495697,0.025122698826129972
6.579332246575683e-06,0.0009013096856965164,6.011156533985249e-05,0.0340628088565581,0.02497459560462632
7.742636826811277e-06,0.0010618167790895272,6.96628327822499e-05,0.0354393346425789,0.0248084635130469
9.111627561154887e-06,0.0012506869752342837,8.089791203522944e-05,0.03704533233738044,0.024623377398976413
1.072267222010323e-05,0.0014729267822885673,9.41126164429646e-05,0.03891631289344956,0.02441872363781954
1.2618568830660211e-05,0.0017344233631448526,0.00010965433386607275,0.04109229149142433,0.024194289331226877
1.4849682622544636e-05,0.0020420976690375824,0.000127930867848896,0.04361800136777815,0.02395034224534859
1.747528400007683e-05,0.0024040831420818576,0.00014942073676828282,0.04654297681930646,0.0236876899640537
2.0565123083486515e-05,0.0028299336066657313,0.00017468514930423572,0.04992144616026794,0.02340770619666131
2.4201282647943835e-05,0.003330864064546768,0.00020438189865683843,0.0538119644014769,0.023112313809009858
2.848035868435799e-05,0.0039200278897433835,0.0002392814411000555,0.058276707237643964,0.022803918324447336
3.351602650938841e-05,0.00461283313302737,0.0002802854448126985,0.06338034584149625,0.022485292146853308
3.944206059437656e-05,0.005427298877675985,0.000328448109715113,0.06918843033923225,0.022159417636584283
4.641588833612772e-05,0.006384449172074859,0.0003850005644252018,0.0757652338566019,0.021829304867225566
5.462277217684337e-05,0.007508735947343359,0.0004513786372140514,0.08317105384010348,0.021497805668995052
6.428073117284319e-05,0.008828471875344721,0.0005292542671331773,0.09145903659585747,0.021167448082389392
7.56463327554629e-05,0.01037623686419903,0.0006205707606206212,0.10067168448233565,0.02084031415612458
8.902150854450375e-05,0.012189194226768875,0.0007275819974031907,0.11083731634813843,0.020517979760863544
0.0001047615752789664,0.014309209546588215,0.0008528955356557014,0.12196686544643896,0.02020152925561518
0.0001232846739442066,0.016782600761217622,0.0009995193485501273,0.13405149117127121,0.019891652298349032
0.000145082877849594,0.01965925585197405,0.0011709116340537032,0.1470615219484431,0.019588826501426293
0.00017073526474706887,0.02299073231397572,0.0013710327774051582,0.1609472089742657,0.019293589097635636
0.0002009233002565046,0.026826810050234667,0.0016043981300151698,0.1756416400361934,0.019006903786832667
0.00023644894126454073,0.031209845199242896,0.001876129853314639,0.19106594966876989,0.01873063558036425
0.0002782559402207126,0.03616626107017568,0.002192005775086808,0.20713670664403275,0.018468156918393056
0.0003274549162877725,0.04169479355966479,0.002558503229923893,0.2237751267262723,0.018225123410751116
0.0003853528593710527,0.047751947176696036,0.0029828365629742753,0.24091761766444234,0.018010479431247676
0.00045348785081285824,0.05423675745971914,0.003472988934237019,0.2585271624455192,0.017837787137747
0.0005336699231206301,0.06097930151805766,0.0040377431061538625,0.2766051847975178,0.01772702624917692
0.0006280291441834246,0.06773951626633118,0.004686723168191953,0.295203751093545,0.017707102463309875
0.0007390722033525775,0.07422277607979,0.005430471031503345,0.3144381111867538,0.01781945876314199
0.0008697490026177834,0.08011430268592594,0.006280599395284153,0.3344994769140038,0.018123455793745167
0.0010235310218990247,0.08512628095318941,0.007250087516107139,0.35566735177870806,0.018704656565263433
0.001204503540258781,0.0890441489481399,0.008353816430155772,0.3783194147607247,0.01968794117890116
0.0014174741629268048,0.09175769566933588,0.009609471036244405,0.40293471482585197,0.021258652196521288
0.0016681005372000592,0.09326924520326539,0.011038953877160697,0.43008269137933014,0.023696866482200037
0.0019630406500402682,0.09368051003584525,0.012670429223888292,0.4603866763307279,0.027432249419535874
0.002310129700083158,0.09316689659463247,0.014540985439873843,0.4944475051073896,0.03312853931619298
0.00271858824273294,0.09195113903247128,0.016699560466082623,0.5327143402712485,0.04180331864654511
0.0031992671377973846,0.09028544952596029,0.019209071117675346,0.5753024689582031,0.054969709550116215
0.0037649358067924636,0.08844332135556919,0.022145561012672187,0.6217874892811341,0.0747324700441617
0.004430621457583878,0.08671487576422249,0.025591105809157147,0.6710434843905927,0.10366618188701558
0.005214008287999685,0.0853996981490725,0.02961797757980909,0.7212090922068072,0.14419902036859955
0.006135907273413163,0.08479680958793102,0.03426716120262041,0.7698437268057966,0.1973444948722486
0.007220809018385456,0.08519566234661664,0.03953455048191291,0.8143065140499962,0.26122612943326956
0.008497534359086439,0.08687157854602912,0.045381863962384084,0.8523268475539121,0.33051272539624726
0.01,0.09008637041296186,0.05177072791963755,0.8825502455795803,0.3974725154397922
