rep,cold_an,hot_an,gm_fast_vs_slow,endpoint_fast,gm_no_null_loss,endpoint_no_null_loss
0,0.974967930055259,1.3462298528066903,1.0011937625181018,0.9657937372588266,1.001213112655652,0.9675371292016423
1,0.7952353375735276,1.5088128870782582,0.9990214086690378,0.06057434102872941,0.9990328189226295,0.06241993410757205
2,0.7594245114707094,2.422719497519076,0.9995824077000464,0.236944895379757,1.0001329072952698,0.5919701067724602
3,0.7672704289334195,1.7400648199594302,0.9990398371305754,0.06358104782853705,0.9990696261851135,0.06873666932092655
4,0.8404774740458476,1.4596840717653392,0.9990228016171235,0.06079688412270921,0.9990356022122276,0.06287802378691111
5,0.8115915847203332,1.8410840573065221,0.9990782982866673,0.07030884202252678,0.9991462937311543,0.08383096190446479
6,0.9785456524688351,2.354166334218698,1.0011829573206747,0.9647812540053355,1.0011942510957585,0.9658388487327009
7,0.9329449520188875,2.4121095118515186,1.0013409704515137,0.9770720124753525,1.0013918083463613,0.980049598270208
8,0.9614226134291325,2.7733554856881044,1.001210086041269,0.9672702201641465,1.0012282617403505,0.9688417589053224
9,0.8451761331665616,1.516792391364118,0.9990279101129005,0.061619595643577045,0.999045809394508,0.06458493457143272
10,0.9420554481984627,1.1859877278822115,0.9990262100004197,0.061344648536470765,0.9990423798223462,0.06400666311580858
11,0.7753860947650525,1.7188495036102138,0.9990383571891952,0.0633345393446956,0.9990666721246558,0.06820859756432324
12,0.7719103114024236,2.2874124767890325,0.9993765881343354,0.14854008745033084,0.9997340857836631,0.3219862297814313
13,0.9264122667512349,2.668510056672418,1.001397421856687,0.980354189986654,1.0014623250604997,0.9835609391015816
14,0.9702802502381916,1.2858458254142082,1.0012246469978652,0.9685351474597534,1.001258530370834,0.9712980815251907
15,0.8403157453310428,1.2038822665487865,0.9990142308052793,0.05943960669357873,0.9990184686209159,0.06010712551033805
16,0.7763487968394103,2.416987026285492,0.9996436627250125,0.2693501418603647,1.000250506355743,0.6684825745358499
17,0.8163113535485261,2.6097132753588337,1.0009211843808734,0.9294406649948191,1.002582380408106,0.9992697149148982
18,0.9543327818714493,2.5538106160059293,1.0012292891422991,0.9689283764652503,1.0012523232168096,0.9708101873108207
19,0.8101615356492478,2.596627034831387,1.000694226923435,0.874698998010016,1.0021891300440855,0.9978126280098524
20,0.8752206027087494,2.5349478330540096,1.00305129731739,0.999802707207032,1.0038976709653644,0.9999813987882978
21,0.807549689717894,2.973215781734468,1.004635498450994,0.9999976223731761,1.0084908254349665,0.999999999947696
22,0.7869084143802971,2.174201067828253,0.9992662700540094,0.11352821299927028,0.9995180767789521,0.2059177425868656
23,0.9580864040457288,1.1788426841347783,0.9990415549818238,0.06386830503588176,0.9990728659268661,0.06932015994378252
24,0.9341844793750397,1.5353292062246122,1.0014964779958426,0.9850356376185951,1.0017542427377106,0.9926638389138485
25,0.8384666713766167,2.952322086729121,1.0096309515409798,0.9999999999977891,1.013192551775226,0.9999999999999999
26,0.9070922339118248,1.287126895058457,0.9990223052121809,0.06071748891063013,0.9990346040832164,0.06271338659857366
27,0.9747208591030289,2.0252353611227676,1.0011875850710328,0.9652183789665973,1.001200390891235,0.9664008778292982
28,0.9634366710490696,1.4350179983811668,1.0012199216243525,0.9681299229096452,1.001246359690872,0.9703338684219779
29,0.7549894773678686,2.079304896199579,0.9991446701163238,0.08348216707873642,0.9992781168938392,0.11691207546965968
30,0.9038108290029048,1.276489228911184,0.9990210670152117,0.06051987346146689,0.9990321302958209,0.06230707742915329
31,0.9508213381180596,1.5004709981397095,1.0012819953403769,0.973071909884427,1.0013263901527323,0.9761406746337365
32,0.8950261198780475,2.5425971062370682,1.002001955013898,0.9963152849494374,1.002281751760825,0.9983104921209005
33,0.8566766038890758,1.5232825880843872,0.9990308993831173,0.06210582163271961,0.9990517801733132,0.0656033000389308
34,0.9098452126981894,1.9494041344871884,1.0017979976664089,0.9935028477951185,1.0020005246362202,0.9963005820486048
35,0.8423177549688666,2.843880993681799,1.0085480318353905,0.999999999955377,1.0118115554105107,0.9999999999999948
36,0.7922934112973326,1.3116560536856345,0.9990145500047573,0.059489642655392756,0.9990191079117741,0.06020843019061557
37,0.7952143439241564,1.8614359982802957,0.999075829467721,0.06985791534314993,0.9991413786089003,0.0827791086680905
38,0.8862667497876912,2.9051637517582254,1.0022672173635434,0.9982406028182538,1.002673142130411,0.9994331290178409
39,0.9648140313412014,2.025138867320385,1.0012036606974395,0.9666965376008357,1.001220788894449,0.9682046720942358
40,0.8866932195702469,1.9301931887436383,0.9995169317291217,0.20539373036592093,0.999974985072455,0.4824964871030455
41,0.9751289995923915,1.7891430569423372,1.0011869855821323,0.9651620491907349,1.00120007452905,0.966372137871723
42,0.8754784086284478,1.9427108020595931,0.9993121641254815,0.12712704051198429,0.9996039825847027,0.24804461164765368
43,0.8808523571445604,2.8936191832608293,1.0025057117818936,0.9990954948248807,1.0030416468653867,0.9997973211527532
44,0.8210594473205907,1.3912976824933776,0.9990178197362694,0.06000446366967701,0.99902564481484,0.06125349921736143
45,0.9233288167784239,2.1314011915779267,1.0014465052483215,0.982830264911308,1.0015270735637243,0.9862455718557652
46,0.8377969605992188,2.3846456393553592,1.0001223371767127,0.5848032941809688,1.0011331007138757,0.9597238409904623
47,0.8399215176740735,2.8178721584230897,1.0069415694620245,0.9999999961270352,1.010358589428701,0.9999999999997059
48,0.9114604715700293,2.511986801777793,1.0016057765018807,0.98893200688087,1.0017322836014042,0.9922030705627859
49,0.9279601286205879,1.445285105620502,0.9990815431156664,0.07090559640056023,0.9991521754442565,0.085105612156218
50,0.8591360640459148,2.998227323915645,1.0042158679599489,0.9999923409660805,1.005819993194427,0.9999999122472799
51,0.8949970090261253,1.265386934385334,0.9990192393139972,0.060229272513192315,0.9990284785903313,0.061711787941803306
52,0.7966829301309719,1.5427991291370664,0.99902364031133,0.060931245775886836,0.9990372787420709,0.06315546765693786
53,0.941475969369436,1.6714939120448014,1.001314617645492,0.9753618390111474,1.0013641751310638,0.9784814688546568
54,0.8801491532605463,2.8888329076636445,1.0025411795913086,0.9991807302119495,1.0030973840950674,0.9998265194950954
55,0.8829728818925988,2.775209180406887,1.002426415932108,0.9988714984245542,1.0029182873881533,0.999714020632419
56,0.886117007150944,2.0631725220116195,1.0014907513971625,0.9847977930891069,1.0025620223471265,0.9992270235466107
57,0.7723283140781533,2.6957603894663373,1.0006948209373332,0.8748810501554045,1.0022016262458464,0.9978875188594859
58,0.9135818534553318,1.17803132990383,0.9990183952091045,0.06009550258416179,0.9990267874891008,0.061437912893237474
59,0.9271644166326644,1.4475887820144522,0.9990793262715518,0.07049739410013305,0.9991478302948056,0.08416227418388267
60,0.81796233723844,2.725751640041916,1.0019882544560814,0.9961720302170326,1.0043700634998494,0.9999950172269486
61,0.903837456964442,1.294580924368038,0.9990220900659214,0.06068310844970775,0.9990341748983897,0.06264271804723122
62,0.9510137762023999,1.4462950266813208,1.001312715864535,0.9752337179049531,1.0013693592465047,0.9787845754313302
63,0.8905308942797401,2.2962771129008313,1.0022862385345506,0.9983315017045821,1.0027036114201597,0.9994793423616887
64,0.8009723688065329,1.8493406042545462,0.9990750179283785,0.06971027352259652,0.9991397628378119,0.082435957470198
65,0.8856591981625211,1.8234644256765622,0.9992093275558787,0.09843297457755755,0.9994039390127348,0.15849507229400658
66,0.7877742980089416,1.3277515474407562,0.9990147284664331,0.059517634516941066,0.9990194648085049,0.0602650549850411
67,0.872515887901217,1.6891539411319905,0.9990733529017478,0.069408261274112,0.999136419751847,0.08173007189788495
68,0.917635294029669,1.1512515056556565,0.9990180843582488,0.06004631041919731,0.9990261649003332,0.0613373704485907
69,0.9317285250556494,2.0824986935412326,1.0013580096695431,0.9781154658774258,1.0014145796965772,0.9812571891774676
70,0.8786670060441454,1.3440438271022666,0.9990208074224393,0.06047851896067726,0.9990316148263361,0.06222272355058598
71,0.8654175514997037,2.8444714425896787,1.0036267394886385,0.9999603944002518,1.0048493198763508,0.9999986897344711
72,0.7717789341616509,1.5843496274123035,0.9990242028918409,0.06102152856238352,0.9990384029734564,0.06334215209396107
73,0.9494884793089032,2.650471793486644,1.0012459403003537,0.9703000885910558,1.0012729746911293,0.972402977238241
74,0.8812002795495141,2.186719022035817,1.0035357471500344,0.9999489488306562,1.004543902774231,0.9999969308571273
75,0.7679499860647971,2.8718142872611634,1.0018842301384254,0.9948871898540754,1.0042756442647376,0.9999935167560072
76,0.8825244584691908,2.060141725678024,1.0003806948058487,0.7437864348075202,1.0013190675181047,0.9756591022878467
77,0.7604902311121781,2.575454643460398,1.000026825640467,0.5187688733754825,1.0009763387898067,0.9389124953555111
78,0.9693901243259365,1.4118851828418293,1.0012025049362052,0.9665923205531439,1.0012235823783728,0.9684442884169293
79,0.8073233790538163,2.314235810918328,0.999559489750063,0.2255344169946985,1.0000883276177712,0.561513405418562
80,0.7770760741476958,1.980758170982371,0.9991106781813349,0.07647676429713857,0.9992106798816194,0.09876978232087183
81,0.8728038484893685,1.5669981270827191,0.9990423369744887,0.06399946898309274,0.9990746124600967,0.06963661558260081
82,0.9767627558837466,2.4336365521431893,1.0011849350046493,0.9649687049723898,1.001196736437658,0.9660674385021565
83,0.7664579307455472,1.4286525575606934,0.9990165015819139,0.059796419851688494,0.999023010156848,0.06083026699611978
84,0.8003401107182558,2.715952851162175,1.0013061680022413,0.9747876077461617,1.0032706484751739,0.9998930318338737
85,0.9058303052341315,2.9954570257035553,1.0017001909850678,0.9914775498577719,1.0018566482412317,0.9944797415119955
86,0.9615843207630085,1.3701722731253654,1.0012476680380418,0.97043901005144,1.001285913036763,0.9733574931123967
87,0.9277890354261554,1.185220996261467,0.999021193867068,0.06054009125011513,0.9990323753033887,0.06234720903821643
88,0.855079936693403,1.4650507693854187,0.9990251778538052,0.06117828637450762,0.9990403502305788,0.06366672153958729
89,0.9552228343189639,2.1830575328070796,1.0012273161790801,0.9687618345575726,1.0012502478940681,0.9706452749166004
90,0.9212270796001736,1.9587882744202862,1.0015026931730455,0.9852896267413669,1.0016020006630189,0.9888158743507001
91,0.7653290434267624,2.1727697646711155,0.9992267573926152,0.10285319798863095,0.999440327389378,0.1725699371774466
92,0.9692781167755061,2.3752340093359368,1.0011953102306916,0.9659364439999183,1.001209896212324,0.9672534091494481
93,0.9630758000068664,1.3916614677220809,1.0012300828160408,0.9689951293416741,1.0012612319889962,0.971507952777015
94,0.8942429985634548,2.099368646463406,1.00238060474757,0.9987176421856374,1.0028367332708819,0.9996409208371694
95,0.9199580007486852,2.9806857668638953,1.0014684016201267,0.9838333938817889,1.0015520254556356,0.9871604515987334
96,0.7987527021884373,1.2320272298050443,0.9990135135880407,0.05932732337128871,0.999017035364624,0.05988058511109956
97,0.831943707353881,1.2426995923167639,0.9990145496328366,0.05948958433219983,0.9990191064157843,0.06020819294352864
98,0.8898139888770624,2.363579226029907,1.002267195652755,0.9982404962906022,1.002675330251122,0.9994365803180622
99,0.8569657039136881,2.820081318262175,1.0048540640812624,0.9999987069416952,1.0067595895015373,0.9999999935756383
100,0.9616008272609915,1.7931417932002973,1.0012113079679608,0.967378232973084,1.0012311647016992,0.969085898987982
101,0.830620680360237,2.1398908987017515,0.9993453052355048,0.13779266069734622,0.9996725637715921,0.2855753589028688
102,0.8592753040692946,2.2501803503452686,1.000097595039333,0.567891281862562,1.0010429406425754,0.9487637261761914
103,0.9541862718426724,1.6377375832453391,1.0012384330426978,0.9696890696339976,1.0012669883914762,0.971950171712102
104,0.957708610550709,2.902984016861994,1.001219090773332,0.9680581532151173,1.001239449871433,0.9697725376181437
105,0.9696108394814998,2.385653605277463,1.0011947677609125,0.9658864911302119,1.0012092061545368,0.9671922281560615
106,0.892848653705705,2.2801100636497353,1.0021854998340902,0.9977903791841798,1.002553227392157,0.9992078170076651
107,0.8727340354285756,1.993661037314963,0.9993892241571862,0.15307361372364076,0.9997517130652931,0.33285737994807757
108,0.7621504068821343,2.382663321925326,0.999509608162755,0.20206560954345573,0.9999924548617382,0.4947185797269386
109,0.8428992791787184,1.8129499110592275,0.999091058645558,0.07268265039532053,0.9991716754473335,0.08945807630579801
110,0.7846695687899055,1.2933167780747128,0.9990140451492959,0.05941052240782996,0.9990180984987533,0.06004854733657164
111,0.8994893046302286,1.6079461439127907,0.9990820356867605,0.07099659265798244,0.9991535577465915,0.08540771603976899
112,0.9189257236442945,2.677551479663042,1.0014852032553225,0.9845638107733798,1.0015742259617508,0.987923774607852
113,0.8576144178937963,2.4000401084074237,1.0016055011948568,0.9889235797971742,1.0033294603939102,0.9999092221112151
114,0.9559553503127693,1.7695421193632264,1.0012275528510046,0.9687818580503622,1.001251934241914,0.9707793466116471
115,0.9021790952795243,1.3327660628780156,0.9990242844404049,0.06103462582733497,0.9990385602094629,0.06336830290616322
116,0.7681069289725021,2.0065765630328154,0.9991162865703209,0.07759427142310864,0.999221817131065,0.10158280454521165
117,0.8922837276365885,2.0582935375066516,1.0027545792304349,0.9995483803635874,1.0033619996641627,0.9999171014578347
118,0.8160683571304772,2.977324296219356,1.0055519614976418,0.9999998149236613,1.0096398699056826,0.9999999999978432
119,0.9300154076847803,1.8109615979421056,1.001408569259428,0.9809455977448811,1.0014823525878533,0.9844422137856076
120,0.8670231895353111,1.5389384863864524,0.999035682858397,0.06289134361768128,0.9990613317701018,0.06726347762664313
121,0.9773887879286692,2.4835439518804905,1.001184191180709,0.9648983161698134,1.0011957731391334,0.9659790147019864
122,0.9096050628296787,1.6189183776307337,0.9991352581071868,0.08148608432750022,0.9992579451005006,0.11120166563676441
123,0.943251118660015,1.2740244677531345,0.9990425012807593,0.06402706001250412,0.9990748292320991,0.06967598573232028
124,0.8949385554453396,1.8721861640422492,0.9996179272325285,0.2554015300052226,1.0001285242923337,0.5890028869026207
125,0.796262693862134,2.9711918820050283,1.0038960643011507,0.9999813152471156,1.0074712309688287,0.9999999991116779
126,0.8957200009468487,2.087634184685572,1.0023004794899106,0.9983964729041561,1.0027190845415122,0.9995013486619783
127,0.8278480679187821,2.685381365373492,1.0021289337034207,0.9974130310541529,1.0045245460761345,0.9999967607161465
128,0.9532394513804701,1.5437142225981924,1.0012528882636211,0.970854931987009,1.0012871792198146,0.9734491607141869
129,0.7837941327240382,1.194207191750467,0.9990128541072801,0.059224254266837,0.9990157167747268,0.05967287487166403
130,0.8914777978338757,1.375762359814272,0.9990250672238389,0.061160479990120545,0.9990401262781005,0.06362931436299808
131,0.8512589636967135,2.789603057520865,1.006317388176624,0.9999999780181333,1.0087812570877386,0.9999999999766447
132,0.8530848659963485,1.1854624332652848,0.9990144067212658,0.05946717744347734,0.9990188198993003,0.060162770783328
133,0.9781575620778484,2.2127740726311975,1.001183431416714,0.9648262781981533,1.0011949278812067,0.9659012430209309
134,0.9787790787367027,2.2172633107085504,1.0011827503484652,0.9647615807489424,1.0011940557540728,0.9658208192879085
135,0.9433199456476615,2.2594117403043827,1.001274950843656,0.9725508883132388,1.001309589116433,0.9750216587889912
136,0.8780858176687294,2.6103286125530776,1.0027578722751644,0.999552512204082,1.0034381213624708,0.9999329650033073
137,0.9587902073735126,1.9782628169553653,1.0012177061860743,0.9679382037579877,1.001238606897851,0.9697033566208264
138,0.8302935883109935,2.63574626131436,1.0017318555105335,0.9921938081870002,1.0038806793328903,0.999980496029207
139,0.9420077954033789,1.2083966316110322,0.9990285820648848,0.06172858268214757,0.9990471129803425,0.06480600899631588
140,0.921020532533441,2.7408092029068127,1.001457321461464,0.9833332060495932,1.001538308199242,0.9866651972342926
141,0.8320701103213007,1.7825382249430048,0.9990718785013628,0.06914183680329787,0.9991335099369988,0.08112015550750748
142,0.7689397449412887,1.1761015383275848,0.9990125017900902,0.05916925998214754,0.9990150123754508,0.05956219129821722
143,0.9025538890003875,2.778541742934346,1.0017775855761561,0.9931240182402812,1.0019630408737317,0.99589373439159
144,0.847740504562884,2.0134212351923546,0.9992439090348396,0.10737344064972186,0.9994736951806384,0.1863291141921921
145,0.9294228130432831,1.948687469304556,1.0013904330939234,0.9799742734133849,1.0014569664685067,0.9833169315918537
146,0.971488282668413,2.5692882088801476,1.0011917785096565,0.9656099579442793,1.0012053544830202,0.9668487021119369
147,0.7716779147635923,1.3649245876294327,0.9990150394595014,0.0595664435100949,0.999020086797546,0.06036385808073968
148,0.8882811688232782,1.683168016473394,0.9990951397637273,0.0734573144758139,0.9991796316416606,0.09129088214972189
149,0.929317602531562,2.847100884750047,1.0013684016426259,0.9787289023130809,1.0014254822706177,0.981809686468202
150,0.7559108540556855,1.250422104605532,0.9990129657627845,0.0592416929098916,0.9990159403391851,0.05970804420829288
151,0.9334453587872535,1.6320725854460718,1.0014542981148018,0.9831941011679044,1.0015473790866187,0.9869947649349129
152,0.7915165673446318,1.1748585143920416,0.9990128134974261,0.059217912908173256,0.9990156354600609,0.05966008792205517
153,0.8463482159602622,1.5956923329383217,0.9990373433925346,0.0631661892871855,0.9990646482408075,0.06784897753699955
154,0.934307698787795,2.1904555114611073,1.0013333382199423,0.9765890097909914,1.0013829120134348,0.9795573759986367
155,0.9752090583645124,2.0745922796894,1.001186955175113,0.9651591897130538,1.0011995321873028,0.9663228135412142
156,0.8037672293290679,2.650535266289146,1.0009106089531166,0.9274756975985954,1.0025775293697852,0.9992597610951501
157,0.975677167246987,2.239104766856685,1.0011863218843238,0.9650995835478922,1.0011985940675148,0.9662373294425722
158,0.8481240123843119,1.8599310094635526,0.9991195506247686,0.07825151843456622,0.9992282602541013,0.10324244047330176
159,0.9437172455829228,2.757492613722961,1.0012709536903812,0.9722509081825278,1.001303974683643,0.9746364318539056
160,0.7901993767754579,2.133703560857011,0.9992308856355527,0.10392554316871214,0.9994484548637693,0.17584547431567393
161,0.9076034995405042,1.9009890947189647,1.0019962505878008,0.9962562996640452,1.002277637929834,0.9982909967778673
162,0.7908837409025127,1.8183440306184542,0.9990616633160759,0.06732179829613381,0.9991131591942741,0.07696929042930425
163,0.8099889547291028,2.8495027203711008,1.0030029275086305,0.9997741915472124,1.0060234184783177,0.9999999501865418
164,0.8247241849168446,1.3534302587278964,0.99901676845492,0.059838485737924545,0.9990235430100418,0.06091564355854104
165,0.9097479266359797,1.5787757400069922,0.9990973023004958,0.07387087350587287,0.9991835926067252,0.09221587231718016
166,0.8115908445924079,2.7975549519732756,1.0024606318944633,0.9989742516813447,1.0051608311391713,0.9999994499010615
167,0.9308874590774867,2.238233142918641,1.001360892753399,0.978287367375384,1.0014174236895361,0.9814028787528166
168,0.7798792016636312,1.3691990390176612,0.9990153807365364,0.05962004856557838,0.9990207690924374,0.060472415028470436
169,0.8926351460853356,2.832647920610753,1.0020465631455826,0.9967457082173665,1.002344623370864,0.9985822441525227
170,0.7972772509921775,1.2031442562563979,0.9990131675812074,0.05927322563256886,0.999016343464918,0.05977150970302231
171,0.7899182355678696,2.67111410722506,1.0007963565177607,0.9028158407590376,1.0023810241288642,0.9987191416376762
172,0.960930900654829,1.528675015281477,1.001219762407188,0.968116181675061,1.0012443471895691,0.970171431120924
173,0.7597523695853295,1.8891223470127303,0.999068295598852,0.06849834509021982,0.9991263735150113,0.07964184164983776
174,0.7722822099873133,2.096842878679425,0.9991739489243637,0.08997838781928992,0.9993360784664859,0.13474995302326284
175,0.9769193645642258,2.8596669900038307,1.0011845774915389,0.9649348901499691,1.001196170784999,0.9660155426223965
176,0.8541939042859131,2.7380711344946893,1.0058065607776525,0.9999999089037859,1.0080386652527966,0.9999999998164028
177,0.8746679740882657,1.395482074323005,0.9990232811942795,0.0608736800617557,0.9990365591712858,0.06303624853879204
178,0.8957903030504424,2.5588940125639588,1.0019753328804235,0.9960318392830105,1.0022431711107551,0.9981185796392098
179,0.7921719033417861,2.234434827584037,0.9993551757477364,0.141111315668603,0.9996922542401487,0.29695908021693307
180,0.8247790375820965,1.6631644240436532,0.9990414485633184,0.06385047478292431,0.9990728429542622,0.06931600639882396
181,0.7954991346960757,1.700937234836139,0.9990399298721485,0.06359652518567152,0.9990698116013429,0.06876994050798486
182,0.8617001252051858,2.3601055007461094,1.0016805193411131,0.9910001321680737,1.003343804028209,0.9999127837482307
183,0.8356868777237226,2.495365640244171,1.0007366934603246,0.8871527715107435,1.0022165450355445,0.9979735837057017
184,0.8952195755343374,2.918310238686596,1.0019628504217086,0.9958915573505086,1.002222944888235,0.9980094223505214
185,0.8550429844326928,1.9720565953320635,0.9992241572532237,0.1021828262474701,0.999434722738069,0.17033938987542646
186,0.7827722817301626,1.5132790909266502,0.9990207304352192,0.060466259571666965,0.9990314634418824,0.062197970532130616
187,0.9053687685190492,1.7366504014954707,0.9993515326988198,0.13987874759910424,0.9996615198115301,0.27930634650117964
188,0.8033545832799734,1.483422788280031,0.9990206631432147,0.06045554594534529,0.9990313288073795,0.062175964035841934
189,0.856370119083563,2.218625818149317,0.9998163853471197,0.3742169036724191,1.000554733513319,0.8253211121402977
190,0.8245346867504924,2.634426169629934,1.0014037817475663,0.9806937741625682,1.0033818668358252,0.9999215720153605
191,0.9765089076531861,2.951913540896603,1.0011850213203701,0.9649768642983491,1.001196717322929,0.9660656860681818
192,0.8317351445021361,2.9759644224312676,1.008824941537514,0.9999999999793114,1.012988206765472,0.9999999999999998
193,0.8338732175115748,2.767601015561838,1.0041166676046243,0.9999899004387244,1.0072472950131326,0.9999999983446393
194,0.8683163011479235,1.660876918610189,0.9990607227948199,0.06715647776001048,0.9991112746571486,0.0765949110923473
195,0.9705556458286636,1.5538029864895682,1.0011945932175785,0.9658704034279972,1.0012111886188175,0.9673676982491134
196,0.7941600067960551,1.5679101342803945,0.9990251900186177,0.06118024465072107,0.9990403753549878,0.06367091939175434
197,0.8477221031934405,2.4187718926127757,1.0007427618745846,0.8888414445833732,1.002169806740226,0.9976915713017503
198,0.8850533114042582,1.2690736030600214,0.9990182709433427,0.06007583299810021,0.9990265439451558,0.06139856443304971
199,0.8992169841377062,1.8543820254563812,0.9999109603211316,0.4379903356279685,1.000542926541791,0.8205063457253524
200,0.9522801285430084,1.3274568270179725,0.9993260601109999,0.13151060867122058,0.9995671179723317,0.22928867378369816
201,0.8126894833901249,2.0947832776487822,0.9992363328789362,0.10535561965758795,0.999459150882402,0.18023041343149682
202,0.8267549281042338,1.267824772737364,0.9990148119367982,0.059530731145425876,0.9990196310500836,0.06029144767258285
203,0.9403043446192484,1.672810551808151,1.0013255205044258,0.9760839724587254,1.001378178355134,0.979290640169548
204,0.8656173370763393,1.6655663206641211,0.9990600381597694,0.06703637265825993,0.9991099120902278,0.07632526610055682
205,0.8782581397160967,1.3292730254145422,0.9990200219948595,0.06035355709325167,0.9990300449284532,0.061966474167271156
206,0.9245850694315876,2.791158188041813,1.0014155136923164,0.9813051581771697,1.00148499616661,0.9845550088865709
207,0.9798902348790199,1.4467025948835346,1.0011817752252854,0.9646687501154289,1.0011951995938642,0.9659262618353952
208,0.8423390533390279,1.4323978633115364,0.9990213690185455,0.060568017467382364,0.9990327390312502,0.06240683121042947
209,0.7787606214823375,1.3413945816889437,0.9990147471058053,0.059520558829086,0.9990195021736746,0.06027098617681914
210,0.8104865926395357,1.9529277726784326,0.9991256773853665,0.07949896215428535,0.9992404544053044,0.10644915856003259
211,0.9566850760993998,1.3558862648790644,1.0013280167957854,0.9762463818272082,1.0013962499187676,0.9802909789195495
212,0.8963929904364505,2.7346911628516857,1.001939434634974,0.9956149423560465,1.002190420976533,0.9978204858590662
213,0.764171129920746,1.5054615271982896,0.999019219525287,0.06022613330145617,0.9990284435373199,0.06170609952785232
214,0.7792278056139957,2.9770494472324085,1.0032780597450914,0.999895221391094,1.0065498768224563,0.9999999884877581
215,0.9387889294948031,2.166021313039584,1.0013019915345436,0.9744989819645429,1.0013436602105217,0.9772399020660965
216,0.9627232085011609,1.2395449231918776,0.9992313665328492,0.10405110065304352,0.9994159973344956,0.16305304279806293
217,0.8618545505330352,2.359974278615319,1.001712025396407,0.9917525726988207,1.0033805570361767,0.9999212848528529
218,0.7896210257978876,2.8906539170549146,1.0026269586544976,0.9993551448924178,1.005492637799755,0.9999997816798745
219,0.8223082232645772,2.9033218387248456,1.004943334078069,0.9999989916927092,1.008668729377743,0.9999999999680818
220,0.8756164172863209,1.580082841075519,0.9990462365711917,0.06465730182031423,0.9990823916023468,0.07106241062626201
221,0.7734483193447179,2.9579957058977073,1.0028763933682676,0.999678547896779,1.0059123777646688,0.9999999321462484
222,0.9439217279003704,1.1663977306152604,0.9990253554923686,0.06120688822488204,0.9990406716567957,0.0637204457311451
223,0.9518928898351152,1.2975439739786958,0.9991105707594664,0.07645550450006071,0.9992072161038907,0.09790914509478245
224,0.895493312123495,1.3666544202072703,0.9990252870500436,0.061195866744554586,0.999040564821984,0.06370258433977735
225,0.8403365698653902,1.5707825662881694,0.9990325912658693,0.06238260313586129,0.9990551596562369,0.06618629368657084
226,0.9184687990557847,1.8065615721180281,1.0016685576555966,0.99069696535001,1.0018268586383945,0.9940033374578165
227,0.8023457329605498,2.87384977771356,1.002919754568083,0.9997151893171485,1.0059306365208338,0.9999999355086494
228,0.7753180000623051,2.9812697911540194,1.003201259507641,0.9998701771477156,1.0064316919242615,0.9999999840063041
229,0.8655278812111825,1.7232190962424976,0.9990783211551204,0.07031303146175343,0.9991463161541898,0.08383578820949762
230,0.9714364332395653,2.2623119583131377,1.0011920424349259,0.9656344602450601,1.0012058367431806,0.9668919039052858
231,0.757840250891451,1.2855644738132668,0.9990133991934522,0.059309432804587586,0.9990168070638202,0.059844573762887175
232,0.8199416530062797,2.4030535830014434,0.9999129694183541,0.43937567418393647,1.000758399008393,0.8930911832877226
233,0.7689161433224823,2.7757371070965555,1.0011494873488815,0.9614585120084586,1.0030098574640827,0.9997785170308414
234,0.8752630874400937,2.8047037020642365,1.0028401117533623,0.9996442908976647,1.0035732020075698,0.9999540142592379
235,0.7541389002967211,2.031899878557388,0.9991184552473812,0.07803038849656956,0.9992261221744935,0.10268906673348474
236,0.789026760344063,2.644312762803671,1.0006259390639902,0.8522150958204554,1.0020755058777548,0.9969977723572029
237,0.7594403601966971,2.7090515518256675,1.0006149133370292,0.8482869679571887,1.0020581037444447,0.9968486515092183
238,0.8535998790166093,1.714938327240566,0.9990655478011328,0.06800860121706823,0.9991208951092247,0.07852372051549718
239,0.7847475505343595,2.7788515508826737,1.0014554847974784,0.9832488362983536,1.0035385030629838,0.9999493398561945
240,0.7733603907977881,2.0484542306073994,0.9991432798162511,0.08318454278700922,0.9992753622339774,0.11611752932605755
241,0.8855587995683954,1.8006931348249324,0.9991793996425166,0.09123696365203082,0.9993456256116008,0.13789934032434403
242,0.9624353468294308,2.8291269985370153,1.0012077954860301,0.9670668133993845,1.0012253799756463,0.9685975555915054
243,0.8537164507449789,2.2398100585852494,0.9998395793781445,0.3895477146422564,1.0006002796382027,0.8429414345579918
244,0.8787988484913699,1.6636638082331097,0.999071312481972,0.06903980857824128,0.9991323480742103,0.08087778219838987
245,0.801581987932716,1.9249939056095564,0.9991039005657402,0.07514598050333086,0.9991972148086946,0.09546154969626182
246,0.8731403989022333,2.1247896000816073,1.0000259397594173,0.51814961826178,1.0008677835782913,0.9189928084086268
247,0.8551741854578572,2.5568023463146785,1.0048026234136325,0.9999985076504484,1.007158569942424,0.9999999978815756
248,0.9486066671203915,1.7373073875304226,1.0012585278982076,0.971297888757102,1.0012915304939725,0.9737618452082166
249,0.9693928569743645,1.764019968387828,1.0011954883451664,0.9659528301202914,1.0012110892470796,0.9673589243842247
250,0.8917734260080099,1.3717881064795825,0.9990248230890526,0.06112120254705424,0.9990396384347983,0.06354789991217026
251,0.9366591094856324,2.125270741356212,1.0013170829101572,0.9755269598836587,1.0013627538795242,0.9783976332498496
252,0.8253349057113853,2.3020123783323068,0.9996470271243989,0.2712087503455806,1.0002549090402801,0.6712081359716826
253,0.8681695979710469,1.7708644746589262,0.9991024755364613,0.07486889513812432,0.9991943100320293,0.09476098931323114
254,0.955347413141117,1.7774471971058166,1.0012294449143924,0.968941488829782,1.0012542853560897,0.9709652787916274
255,0.8439035970536783,2.3010202501019075,0.9998764900409218,0.4143893292218932,1.0006782959863205,0.8697312841621072
256,0.79093050361145,1.9583837462018534,0.9991107827844984,0.07649747145424621,0.9992108878530389,0.09882167020562728
257,0.9183594660357361,2.602530255645264,1.0014941916838134,0.9849411223749001,1.0015860294255103,0.9883111759259628
258,0.7667666379656187,2.7585291884967442,1.0010016679616123,0.9428520875711806,1.0027495386368162,0.9995419818377633
259,0.9098481481178884,2.871821093337444,1.0016247206974134,0.9894969017255038,1.00175596686771,0.9926988500994773
260,0.9482795544337304,1.7974975575235888,1.0012575105149435,0.9712184659306458,1.001289697301112,0.9736305505162605
261,0.8955814686453695,1.8833659595602794,0.9997936807766631,0.3594496934647855,1.0003975731381,0.7526849198314991
262,0.8686577389629598,1.3605451971858096,0.9990204243308034,0.06041753871528845,0.99903084980051,0.06209772753944061
263,0.8375339572191177,1.4180928730935518,0.9990201550228874,0.060374704908066644,0.9990303126782833,0.062010108318785055
264,0.7872876965045906,1.2041422572056464,0.9990130005380988,0.05924712518984428,0.9990160095596119,0.05971893733451221
265,0.8825069333288522,2.0580390379820424,1.000342915248452,0.7231214259291809,1.0012682233720351,0.9720441731459223
266,0.8087551959043396,2.9698357800701465,1.0046770836901189,0.9999978825678436,1.0085371965397458,0.9999999999540142
267,0.9702640726613108,1.171905909100401,0.9991359273158215,0.08162656132079632,0.9992522601683697,0.10963696643680762
268,0.903410709342105,2.3687026668142193,1.0017901986023268,0.9933606168608509,1.001983299747132,0.9961188678496562
269,0.7730264871845309,2.8788673556371434,1.002058415577591,0.9968513875652698,1.0045675019937679,0.9999971262425936
270,0.862948914753184,2.3148587077159832,1.0011164164594064,0.9578809126987299,1.0025737911389243,0.9992519982137995
271,0.8253747373978919,1.910667870438957,0.9991188548456608,0.07811099130554852,0.9992269092508819,0.10289247035668384
272,0.8347506523178352,2.956725786032456,1.0093071438375085,0.9999999999945722,1.013299856942413,0.9999999999999999
273,0.7800939080712707,2.3261422230296946,0.9994661829884116,0.18315946590465373,0.9999083270616942,0.4361760789339215
274,0.8128204042230833,2.269571035389656,0.999492540841674,0.19446627960477308,0.9999590092020028,0.4713373124467024
275,0.8983926258422495,2.906455678500334,1.0018756908301267,0.9947643505118601,1.0020990834427328,0.9971886457159415
276,0.8684618038831969,2.4433613702506727,1.004271376388715,0.999993439150279,1.0056646049189109,0.9999998647498742
277,0.7677729721557461,2.3126844223327008,0.9994040043902993,0.1585195035217263,0.9997875240291566,0.35548937839264355
278,0.7733105900178084,2.9524144050014267,1.002810563437937,0.9996137113591174,1.00580603881228,0.9999999087713209
279,0.9518367452982825,1.4038311365518632,1.0013525234670002,0.9777846718686911,1.001425313718135,0.9818012678522726
280,0.8692679348078746,1.7489831505245759,0.999093552523935,0.07315513108389453,0.9991765882007732,0.09058583452394887
281,0.8941581481054065,2.996675552898782,1.0019907275471038,0.9961982935258386,1.002262696928544,0.998218283019177
282,0.846023662703215,2.091917715976098,0.9993433942400972,0.13715777164394685,0.9996681770649263,0.28307519301122536
283,0.9672613526116333,2.7655205909125486,1.0011984311067008,0.9662224586571403,1.0012136673613814,0.9675858185134342
284,0.9631671906444456,2.3999916622744006,1.001206642271632,0.9669639434179387,1.0012241316965416,0.9684912011701682
285,0.867408999726472,1.7303081786842534,0.9990831231712306,0.0711978734788699,0.999155864545458,0.08591403439778886
286,0.9252039541320481,2.3402249268272013,1.0014150860545332,0.9812832101388975,1.0014856583351104,0.984583135669789
287,0.8786022033504348,2.6130482718912234,1.0027226002468956,0.9995062176970659,1.0033823754654043,0.9999216832454156
288,0.8730152504835091,1.2943016343023264,0.9990180516299797,0.060041133361762,0.9990261065050628,0.06132794803078403
289,0.7649459070248221,1.7253879926099789,0.9990373475487355,0.06316687860941465,0.9990646564812841,0.06785043820222564
290,0.9614577759025468,2.562262135349531,1.0012102177237634,0.9672818769012193,1.0012285162782661,0.9688632400889933
291,0.9444860000830247,1.3877199786571812,0.9992820684775939,0.11806008875724631,0.9995072123735115,0.20098564223976279
292,0.8148267203727348,2.8538813452387166,1.0033710014488124,0.9999191578001988,1.0065485899659552,0.9999999884464733
293,0.912637871225556,2.522578864011581,1.0015846746123245,0.9882673412857372,1.0017043411998732,0.9915750181458333
294,0.9705177127500959,1.9752222653967693,1.0011935702271813,0.9657759668459558,1.001208086670604,0.9670927389010193
295,0.7965306308880569,1.4269962890522838,0.9990177576899221,0.05999465574440733,0.9990255211117076,0.061233566096929135
296,0.8704437840729333,2.144613789391919,0.9999917419494203,0.49421959826742434,1.0008239498385931,0.9093817725612134
297,0.8892568084433748,1.4180131659395954,0.9990282450460908,0.06167389754321975,0.9990464752631721,0.06469777105950264
298,0.9215777837810455,2.135906478271276,1.0014695259677993,0.983883316939822,1.0015567053132415,0.9873252254249154
299,0.8414255889324858,2.219490134137203,0.9995732205257172,0.23232350462377865,1.0001113177830354,0.5772934335215498
300,0.9335616176175215,1.4587558609183777,0.9991711667479639,0.08934202646166471,0.9993228521374519,0.13048738960764455
301,0.7795599827948199,1.6082129574029997,0.9990268135171233,0.061442119533952656,0.9990436190470928,0.0642150544103214
302,0.8683233321254633,1.3635011660220138,0.9990205349830885,0.0604351463558653,0.9990310709933314,0.06213384367789526
303,0.8383622704370981,2.251675008091435,0.999628937280558,0.26131047879859354,1.0002180510763934,0.6480494811105997
304,0.8389794537372445,2.4032647391209885,1.0002512587578791,0.6689491708610547,1.001362622046967,0.978389840645585
305,0.858616471894158,2.5124876256732382,1.004833513413644,0.9999986307343045,1.0070079604481945,0.9999999967798976
306,0.7966375442464128,2.840942449376561,1.0023296387124172,0.998521727994705,1.0049961745759783,0.9999991297272625
307,0.7783692846612994,1.9414383173266627,0.9990947027494319,0.07337399998800008,0.999178931182264,0.09112817694253506
308,0.8755713117432972,1.2630428054923193,0.9990172396536117,0.05991282611456942,0.999024482994524,0.06106652598280086
309,0.7711119130003602,1.6519440123385776,0.9990297827023958,0.06192376798780768,0.9990495503551832,0.06522125185602654
310,0.8380071967081034,1.4720887977016202,0.9990233208017061,0.06088002655437285,0.999036639814418,0.06304959911657607
311,0.9094569770993493,2.5112886397009033,1.0016430760525865,0.9900169904666485,1.0017819271921882,0.9932063901266812
312,0.8923079018867981,2.70620437926317,1.0020685509078513,0.9969390378450587,1.002377600767422,0.9987068503894942
313,0.8645754416935874,2.8042901920140024,1.0037629739634237,0.9999729163358516,1.0050632943147269,0.9999992781538212
314,0.808832655647957,1.217075530665463,0.9990135551452504,0.05933382389900447,0.9990171182971428,0.05989367160964609
315,0.8291503668918895,2.8184033692862567,1.0043214494620603,0.9999942940118585,1.0076537982814397,0.9999999994651518
316,0.8178660098720862,2.149386379210416,0.9993134051920354,0.12751341076121203,0.9996104297030134,0.251428257396524
317,0.9351228117554756,2.129975072119563,1.0013283200330922,0.9762660370543208,1.0013768607259799,0.9792157889726412
318,0.9616976576424076,1.9855548283504694,1.0012104551270165,0.9673028820651148,1.0012294473622603,0.9689416948402123
319,0.8970415515234873,2.5295728051554933,1.0019414735017211,0.9956397477327886,1.0021948098719908,0.9978469907345873
320,0.8519309122377626,1.385696145811101,0.9990199071807588,0.060335310365322484,0.9990298168604262,0.06192932941340252
321,0.750941818936433,2.1524249598354595,0.9991902086407339,0.09377967023820728,0.9993682165398688,0.1455979596078511
322,0.9670946903140307,2.2136314188697357,1.0011991589123308,0.9662888247430784,1.00121486558152,0.9676907514484785
323,0.9519199966766528,2.203234990165182,1.0012381384496374,0.9696648457978352,1.0012637459388538,0.971701906319304
324,0.9739715575259873,2.3840632620336617,1.0011884296885512,0.9652975927382401,1.001201192646154,0.9664736071629317
325,0.9604065191647565,2.7550732759050174,1.0012124580122903,0.967479576892683,1.0012312314304646,0.9690914890628838
326,0.8181555734611886,2.744935217433901,1.0022061608828365,0.9979140577220624,1.0047191244980516,0.9999981166718068
327,0.8574111511425423,1.7572189541759173,0.9990828984325353,0.07115623381225568,0.9991554326430666,0.08581902993978971
328,0.8253162485534098,1.3939408506297597,0.9990181813609956,0.060061657063389735,0.9990263676649052,0.06137009819850672
329,0.8890060354805853,1.6138421980361728,0.9990663096389686,0.06814405862594197,0.9991223703288548,0.0788233870002168
330,0.870561167563768,1.2750020457089362,0.9990172200212334,0.059909727016049935,0.9990244440927792,0.06106027471305168
331,0.8184057517724199,1.9141933039601782,0.9991134839347662,0.07703397200057804,0.9992162493526927,0.10016773587943718
332,0.842982175670924,2.8674376213618102,1.0085109114120487,0.999999999950533,1.0116589756452525,0.9999999999999918
333,0.9308006502158174,2.4052236281417847,1.0013589129820069,0.9781694678353468,1.0014143702665066,0.9812464165119967
334,0.8042157728127245,2.102582341651718,0.9992268369692074,0.10287377579464134,0.9994404657902243,0.17262530933543688
335,0.823173177557852,1.8774942917138084,0.9991007084623741,0.0745266056390202,0.9991908682760112,0.0939368809736554
336,0.9651558320652709,2.6225848280041113,1.0012024085319808,0.9665836133941734,1.0012187077037225,0.9680250106635835
337,0.8570814725735731,2.0330448474073455,0.9993148398379379,0.12796129473832887,0.9996118098603347,0.25215657374994466
338,0.8720991545995627,2.716209866752775,1.0031188094857741,0.9998365887406431,1.0040190937467728,0.9999867421642012
339,0.865159696119298,1.8015286413960596,0.9991137980378111,0.07709658218700681,0.9992167873671896,0.10030370603997062
340,0.830548369502866,2.3375434903544434,0.9998064562526967,0.3677282801192826,1.0005555460836941,0.8256486941328911
341,0.7856857987658369,1.7528676249526762,0.9990460505220069,0.06462577428591648,0.9990820258305476,0.07099477079118614
342,0.9217896592332983,1.747862647694722,1.0016407518047556,0.989952571245652,1.0017911440493152,0.9933780223735351
343,0.8320305912082419,2.9015193868828373,1.0068153781358806,0.9999999944989322,1.0106642904783367,0.9999999999998739
344,0.912649268192918,2.272962850014242,1.0016005656061284,0.9887714212920156,1.0017270350839038,0.9920887543504271
345,0.8076431940440907,2.7453372443927737,1.0017616173074362,0.9928124323830378,1.0040332258443005,0.9999872545024778
346,0.9579420707478997,2.8000271015457576,1.001218579884644,0.9680139445676651,1.0012388512627888,0.9697234268948114
347,0.9323349247269322,2.289447596701803,1.001347484088134,0.9774765151304647,1.0014003397214355,0.9805107093070031
348,0.8332501949072095,2.9779983039379068,1.0094178485870138,0.9999999999960074,1.0135349938033147,1.0
349,0.767353753953171,1.6611053230576331,0.9990302126590548,0.061993805217973215,0.9990504091296047,0.06536814528628668
350,0.9109647978207182,2.8301508641808524,1.0016055391699534,0.9889247425832492,1.0017306874897807,0.9921684807560431
351,0.872285091526644,1.71793929127924,0.9990841073577479,0.07138048892835695,0.99915781023639,0.08634320499811325
352,0.9085281981558344,1.473337539881331,0.9990477264933166,0.06491029779475574,0.9990853315157433,0.07160823410313728
353,0.8135220403974033,2.9834539046944046,1.0053705388453957,0.999999693262439,1.0094436608841058,0.9999999999962833
354,0.9130090804204166,2.8079099081421557,1.0015712289768632,0.9878234075416168,1.001685588494707,0.9911256353394705
355,0.7966014817017565,2.936239757231848,1.0034405008908311,0.999933408601176,1.0067684241254244,0.9999999937315661
356,0.8836705270741291,1.96890265760387,0.9995857853648523,0.2386597902550833,1.000100393985873,0.5698131990186048
357,0.8678646037725598,1.734208757083474,0.999085250642829,0.07159316766353431,0.9991600937664036,0.0868493688012844
358,0.8629350457426749,1.8618939787761133,0.9991482159484334,0.08424561481623791,0.9992849489473277,0.11890306089569772
359,0.8095891525565756,2.4294312713899027,0.9999005668995704,0.43083957684309676,1.0007370706629302,0.8872583862825191
360,0.9468111039743321,2.521522955272819,1.0012572391059884,0.9711972421534245,1.00128713304514,0.973445823213933
361,0.9607446202125997,1.6989606214578963,1.0012143845112615,0.9676486617236151,1.0012356267781215,0.969457552542848
362,0.799784871048802,1.274407097725457,0.9990141184622001,0.059422005785540695,0.99901824489818,0.060071711165484654
363,0.8042001661032135,2.677860480681934,1.0011102555329572,0.9571801990251297,1.0029271620921631,0.9997210172617299
364,0.8379741797548655,2.805485745272153,1.005952667654571,0.9999999393446221,1.0093448102156861,0.9999999999951107
365,0.9111173508541495,2.3535642864571646,1.0016217757578079,0.9894109977872554,1.0017545659592397,0.9926704151110042
366,0.7690222155147105,1.937678836706231,0.999087897082812,0.07208771400770644,0.9991653950087207,0.08803479441134648
367,0.9343708447391309,2.0268913134245468,1.0013374664260253,0.9768514823537936,1.0013889665551547,0.9798936416009367
368,0.797310781670646,1.908288373118813,0.9990937650419487,0.07319552442987322,0.9991770668910824,0.090696402875345
369,0.9529411962395177,2.295246461915504,1.001234339814637,0.9693508057562438,1.0012588644609406,0.9713241159257897
370,0.895984384829158,1.7932913209617476,0.9992821676889706,0.11808903682663295,0.9995409956238706,0.2166142172107136
371,0.9317523946488598,1.4557425874932879,0.9991275754815536,0.07988909537997019,0.9992413162536172,0.10667908712222819
372,0.8568112296500855,2.3241041268942153,1.0005294458136236,0.8148829233004036,1.0017675685502048,0.9929301641386427
373,0.9221242496335564,1.521548647774206,0.9991203740886261,0.07841813295428583,0.9992282188812971,0.10323170746113315
374,0.7719528932657529,1.451164094872758,0.9990174504456808,0.05994611046784812,0.9990249070907103,0.061134714430406835
375,0.8712908037794199,1.5613774386829187,0.999040695526938,0.06372443714616108,0.9990713371507809,0.06904425236637883
376,0.7870887439639672,2.865181447500229,1.0022832306835838,0.9983174462927012,1.004933036075941,0.9999989623426111
377,0.9431405909162025,2.182994855755786,1.0012764486888495,0.9726624853119448,1.001311645341072,0.9751613122974893
378,0.8468920959497739,1.61471519547145,0.999040385056013,0.06367254033351079,0.999070719894017,0.068933140529072
379,0.9755941267414028,1.2131364723907307,1.001229499451559,0.9689460783163317,1.0012710318455347,0.9722568040311372
380,0.7729970973946544,1.2159487686387214,0.9990128829475465,0.05922875815299074,0.9990157745725066,0.05968196528765758
381,0.8290833485875779,2.785682322912714,1.003713391993799,0.9999688990238119,1.0068272659549122,0.999999994677826
382,0.891493953192095,1.402379245023444,0.9990273633900738,0.0615310527335342,0.9990447136859713,0.0643996570047227
383,0.9438780204376775,2.456586811138904,1.0012711257337288,0.9722638851352117,1.0013044881077382,0.9746718989226819
384,0.8349164182264347,1.8769999494385874,0.9991120521476312,0.07674916349599407,0.9992133972932101,0.0994496782661333
385,0.9718750068249665,2.0107270793132463,1.0011915080482339,0.9655848313548405,1.0012054080259876,0.9668535012803197
386,0.8110801057176162,1.1657916916341904,0.9990130784921969,0.05925930415769443,0.9990161650654638,0.05974341586748134
387,0.8172382031595395,1.2860445319435985,0.9990148285330652,0.059533335446785934,0.9990196644457198,0.06029675090289977
388,0.9737058911755565,2.5080794238917967,1.0011887162123227,0.9653244252737179,1.0012015050210985,0.9665019023554989
389,0.8334627313444123,2.8412414649334177,1.0056569915202092,0.9999998618523049,1.009207014992429,0.9999999999928343
390,0.9067146910106655,2.1571193150206103,1.0017565214591384,0.9927100766479973,1.001939394018764,0.9956144467836496
391,0.9637091279304072,1.2744768773829136,1.0012217847526577,0.9682902949554681,1.0013562886859753,0.9780122200000569
392,0.9336973007673054,2.888027214443611,1.0013321647917366,0.9765138739696062,1.0013800597674671,0.9793970611147369
393,0.9384764785264944,1.5228504351784515,1.0015000173799757,0.9851808028787756,1.0016133490674346,0.9891613310964696
394,0.7551703380048927,2.8315870592344305,1.0013311723983813,0.976450146288835,1.003328493520071,0.9999089768600475
395,0.8999689943039554,2.22510373126476,1.0019337762419127,0.9955453621824659,1.0021869927046057,0.9977995559025565
396,0.9657028625225839,2.826572361863414,1.001201213855242,0.9664755290305751,1.0012171413774456,0.9678891482853946
397,0.915746968678852,1.3786223322031759,0.9990347627692004,0.06273953427890064,0.9990594768588243,0.06693805268099094
398,0.8371538883681502,1.828447096220025,0.9990921749440964,0.07289379152213105,0.9991738985432674,0.08996682804572896
399,0.8066464795503745,2.7809856092451475,1.0020705967663992,0.9969564330340721,1.0045478015793525,0.999996964029606
400,0.9163946675578993,1.646720438609976,0.9994098556868258,0.16071849109351624,0.9997453080025217,0.32888586943939974
401,0.8790704489019625,2.355815636471594,1.0030470608363664,0.9998003606229902,1.0038644641333496,0.9999795936814607
402,0.9636441945587972,1.8323740342425512,1.0012064267814988,0.9669446866920972,1.0012247948705866,0.9685477474867041
403,0.7567410297193898,1.3898509778950596,0.9990151787565474,0.05958831771864269,0.9990203654242726,0.06040816711978175
404,0.8423544079946471,1.8980776884577744,0.9991333372798481,0.08108409609956957,0.9992556133814682,0.1105575433910292
405,0.7990235311850313,1.4633536400084497,0.9990193811928558,0.06025178416244802,0.9990287664772287,0.06175852484975959
406,0.891301871141107,2.8170833425531674,1.0020915435573141,0.9971289609570364,1.0024107008897412,0.9988209181665579
407,0.9397440216535012,2.3558449752934205,1.0012942561482603,0.9739558829461843,1.0013334839110377,0.97659832214825
408,0.8823297023426292,2.8309516600751774,1.0024458786854218,0.9989311458850165,1.002948356766337,0.9997370419057255
409,0.7816616555921612,1.6679089923862331,0.9990329736355507,0.06244531570223016,0.9990559233383419,0.06631870118623749
410,0.7539890154061778,2.3247124091194213,0.9993854788965806,0.15171820542974387,0.9997514351496894,0.33268455786966367
411,0.7977273115933448,1.8218493659795079,0.9990654148775258,0.06798499251829622,0.9991206352402012,0.07847104045270084
412,0.9099008524270021,2.1191091826577324,1.0016879968017147,0.9911846512045468,1.001846274843156,0.9943182791563958
413,0.7804038308948849,1.2584460567633058,0.9990134668910351,0.05932001965410994,0.9990169422261879,0.059865891340342814
414,0.9423060044599783,1.3499737620239591,0.9990836018475291,0.07128663776931969,0.9991558329372547,0.0859070783936729
415,0.9477888164357685,2.325051204739203,1.0012536984017955,0.9709189687492329,1.001282965282435,0.9731428906245597
416,0.9340315246093676,1.8673344242566046,1.0013518365897767,0.9777429133733819,1.0014086588384623,0.9809502787705388
417,0.8082486278915586,1.632244036704237,0.9990333556991898,0.0625080368211755,0.9990566864195711,0.06645125014934772
418,0.9465606197589977,1.6543392806243662,1.001277674887893,0.9727535148198718,1.001317059453709,0.9755253938921393
419,0.9175633693572646,2.32808159736635,1.0015142745440844,0.9857516273325487,1.0016132668069981,0.9891588653927663
420,0.94461353589542,2.6710908028950513,1.0012668346759863,0.9719384500791733,1.0012989257873537,0.9742850693275013
421,0.884960528935984,1.6330757670990053,0.9990679173054889,0.06843072796679696,0.9991255789753101,0.07947878254330266
422,0.946217619617346,2.8906801842250913,1.001258961624452,0.971331683212834,1.0012889969173595,0.9735802198515261
423,0.7550194287785723,1.9021895385776515,0.9990701286235776,0.0688268616866266,0.9991300246797594,0.08039508378811053
424,0.9641532009161163,2.553303331987024,1.0012044478932207,0.9667673405888728,1.0012212948658494,0.968248202910901
425,0.7817804843448386,2.1229053277563787,0.9992072394640772,0.09791492690374341,0.9994018391993795,0.1577120075893121
426,0.8546371534877093,1.879756170584601,0.9991426229002006,0.08304425121139343,0.9992739558746719,0.11571369362378939
427,0.9097136109859274,1.5724511583031602,0.9990925755527948,0.07296970188187493,0.9991742742363076,0.0900530617675969
428,0.79186216697216,2.034738227291569,0.999154199562097,0.08554831572571456,0.999296994047257,0.12248463233095558
429,0.7766852793304633,1.3503898058866588,0.9990148721800227,0.0595401850763653,0.999019752280524,0.0603107011616388
430,0.8351822322743323,2.399848071828415,1.000137723442031,0.5952228212789139,1.0011640630936887,0.9629410059729764
431,0.9205603551341714,2.205257975535727,1.0014782931293775,0.9842674258274324,1.0015674683996079,0.9876963016697405
432,0.7502744321130038,2.027698077115243,0.9991138040454549,0.07709778014535873,0.9992168870264411,0.10032891049415343
433,0.7713290503371627,1.1995875520842005,0.9990127149519915,0.0592025273673371,0.9990154386346061,0.05962914720914368
434,0.8819570951751337,2.902542437161674,1.002451928328033,0.998949036413372,1.0029575305596552,0.9997436893109357
435,0.7613185553157299,2.935158406441083,1.0023277560303832,0.9985139444779152,1.0050194478965548,0.9999991843656776
436,0.869994576747285,2.1417812401193714,0.9999424119779277,0.45977434803355377,1.0007436520424435,0.8890872853291871
437,0.8093380401684708,2.4820911084289343,1.0000985205413413,0.5685270143526361,1.001106743666199,0.9567758053248985
438,0.7969542401545671,1.8830350804047362,0.9990840444647447,0.07136880623870999,0.9991577303827934,0.08632555317790294
439,0.7591018374482347,2.9076438850476514,1.002021249427831,0.9965080136922062,1.0045082175568165,0.9999966098762817
440,0.7521278261331599,1.2324302388260455,0.999012739315925,0.0592063308713338,0.9990154875284768,0.05963683186118111
441,0.8959409187246979,1.190964178000048,0.9990168964045959,0.05985866364103616,0.9990237946066582,0.06095599461999916
442,0.9417344439504977,2.887807967781826,1.0012808299624212,0.9729863857197698,1.0013161485138682,0.9754645023822572
443,0.7774820821023206,2.171518347034844,0.9992455386898285,0.10781189775439766,0.9994773111625077,0.18786982121437135
444,0.9778572200294151,2.6586428599178946,1.001183592646049,0.9648415772610307,1.0011949627443961,0.9659044541520888
445,0.800748701563652,1.3722680423099383,0.9990162103453859,0.05975054524934004,0.9990224275698452,0.06073704983893633
446,0.8900132644826521,1.5583988773280553,0.9990511802187629,0.06550030215748752,0.999092239710829,0.07290605908088509
447,0.9547646845938431,2.2577495757935755,1.001228541580902,0.968865374667185,1.0012516719323346,0.9707585309937262
448,0.8260124233690149,2.7144111541465636,1.0023477673618033,0.9985946237500845,1.004880395831249,0.9999987984186267
449,0.832439707089361,2.1368334497189876,0.9993482798293652,0.13878581739047152,0.9996783130887328,0.2888721027580447
450,0.8882837947823654,1.4054572198411566,0.9990268030759393,0.06144043200080185,0.9990435948466716,0.06421097876311185
451,0.8111554155810845,1.645841188149425,0.9990356171469733,0.06288049026831741,0.999061202073085,0.0672406759972068
452,0.8200957554555002,2.8368066589834564,1.0035502059470152,0.9999509672340808,1.0067532682087517,0.9999999934616939
453,0.9279179698272682,1.7098941836722354,1.0015036805017643,0.985329581950706,1.0016095588346163,0.9890471431109429
454,0.890997883468647,1.4303393243881901,0.9990300650235874,0.061969747998216355,0.9990501101044323,0.06531696213788195
455,0.9022204383363426,1.7805721750836998,0.999441174923525,0.17290924368766453,0.9998204599368614,0.37689290968472944
456,0.7743250030808466,1.4861288822389636,0.9990189224588195,0.06017902610987049,0.999027849682264,0.06160980292847269
457,0.8103752203673505,1.723390690879211,0.9990476853625113,0.06490330124204878,0.9990852877534496,0.07160008092446624
458,0.8023757047244842,1.2963285729315912,0.9990145564977284,0.05949066086716793,0.9990191207547356,0.0602104669754084
459,0.8698566858335957,2.642584467751397,1.003407109092838,0.9999269059527575,1.00447253850916,0.9999962553775203
460,0.7840857274887517,2.2241149000085825,0.9993196474786493,0.12947198842870258,0.9996227864331442,0.25799854792897087
461,0.8132391160404052,2.0026103345991366,0.9991595677267294,0.08673253025295459,0.9993076144117449,0.1257191607562652
462,0.9252359795627991,2.785615705559912,1.0014086031323775,0.9809473679361971,1.0014762539627429,0.9841788975357253
463,0.9429563322931263,2.206256597053421,1.0012772339676714,0.9727208161506995,1.0013125654593327,0.9752235575818028
464,0.9302132973057784,2.361846750550967,1.00136469491148,0.9785120496670343,1.0014217765846138,0.9816237151871339
465,0.7594103000440817,2.6497939715508836,1.0003211707317536,0.7107714387931323,1.0015224450459905,0.9860689269868947
466,0.85730768751695,1.4917186984039426,0.9990278408899659,0.06160837826780908,0.9990456707323092,0.06456146026128545
467,0.8996170248982029,1.8812624440364663,1.0006780607468337,0.8696566900174252,1.0014552272019608,0.9832369697524129
468,0.9182773922415365,1.6587178874839363,0.9999247286683818,0.4475022832143975,1.0004322939932244,0.7703275458448757
469,0.9013173670120926,1.6762684945893798,0.999140650978773,0.08262441692750344,0.9992689587024395,0.11428861494874397
470,0.7628588679025793,2.718994470526028,1.0007096253527181,0.8793454505746235,1.002228786773694,0.9980415836799624
471,0.8341574055911906,2.170671537963261,0.9994131357230206,0.16196191420170547,0.9998043597581928,0.366364235199717
472,0.8731710147144768,2.223749761044927,1.0016034524065862,0.9888606671925158,1.0029860309842729,0.9997632877659434
473,0.9036626593388503,2.496261089504053,1.0017683593536713,0.9929456635209211,1.001952022333465,0.9957658726747141
474,0.9011228716443537,2.0829169967942445,1.0020007060676328,0.9963024502213658,1.0022843524769491,0.9983227021037309
475,0.8476116683746134,1.1809691744025144,0.9990141569790749,0.059428039714840904,0.9990183207259257,0.06008371218298927
476,0.7898615661079265,1.9349711447227191,0.9990995804294394,0.07430885374260426,0.9991886287971153,0.09340410467276808
477,0.7616990231651813,1.793364289168809,0.9990473343517464,0.06484362111368111,0.9990845867903002,0.07146960393402373
478,0.8836468590619138,1.5996186631453178,0.9990563556612464,0.06639376649422211,0.9991025599384573,0.07488528023733171
479,0.9422738865692619,2.0233495750205464,1.0012831404197482,0.9731556878286542,1.0013205963040388,0.9757604196130798
480,0.8694241469577071,2.2811861745004833,1.0019267085305212,0.9954569055805277,1.0034537571054793,0.9999358266542954
481,0.789809225777571,2.0612680840267417,0.9991698721576274,0.08904730289559372,0.9993280137182756,0.13213706203746078
482,0.8231114096357849,1.4129308810534071,0.9990187940629598,0.06015867646118936,0.9990275925249446,0.06156814713180752
483,0.7725656396817142,2.697818319513828,1.0007095984484782,0.879337463526299,1.0022281847367958,0.9980382934071701
484,0.8448638673932489,2.583180094481743,1.0025646774364685,0.9992327297737816,1.0048915851261229,0.9999988353031422
485,0.8762769866332755,2.0998100799132082,1.0000665657995516,0.5464600972164296,1.0009155602905557,0.9284018863624439
486,0.8743568979778484,2.07637666541184,0.9997538183210947,0.3341679918760986,1.0004106424433306,0.7594310566082422
487,0.752312570798222,1.2959296112508951,0.9990134388636149,0.059315636386632016,0.9990168864329629,0.059857090867096646
488,0.8878128553515816,2.614310611046005,1.0022503289056448,0.9981557598412724,1.0026491362311984,0.9993938481396926
489,0.9686263328276656,2.5277723671893613,1.0011962684943612,0.9660245124513108,1.0012110306097581,0.9673537460282138
490,0.9088286823969974,1.3532148735690968,0.9990280772817087,0.06164669273000995,0.9990461350010426,0.06464008816618602
491,0.9528630564950379,1.708600540093723,1.0012404576626865,0.9698550439189748,1.001268818591669,0.9720893693395747
492,0.9259720756133711,2.7449673995721664,1.0014012609276575,0.9805598699899518,1.0014670368982515,0.9837725933159496
493,0.7728200654335495,2.6886813675259247,1.000661085191448,0.8641772250148413,1.0021408367878588,0.9974974407979011
494,0.9319873967284547,1.4396369502169424,0.9991043253245175,0.0752287534156461,0.999196537007732,0.09529766780848167
495,0.8093208214379893,1.8724811504141083,0.9990880038111876,0.07210772450933066,0.9991656078832329,0.08808269971758044
496,0.8697865190873842,1.9370106450580118,0.9992534378343095,0.10995950993608122,0.9994912388328633,0.19389554197206982
497,0.9157653591548521,1.999245608576615,1.0015954329073409,0.9886109933268756,1.0017237780117487,0.9920169783712385
498,0.9179324298587914,2.6439652260688224,1.0014993695576888,0.9851543370561484,1.0015925828087802,0.9885209338963405
499,0.9641479345383038,1.8256511561522164,1.0012053584180525,0.9668490548399784,1.0012234610558488,0.968433918146737
500,0.9038852017389802,2.0197478588885205,1.0019567741946014,0.9958214936836114,1.0022221690098305,0.9980051114282363
501,0.9327015318315428,2.8921618527122765,1.0013397851342045,0.9769976437558971,1.0013895762147142,0.9799271998740163
502,0.8389568884648451,2.6714324531072267,1.0031568519916394,0.999853048775432,1.0058325329572795,0.999999915257698
503,0.7970728999289859,2.6983976128026606,1.0011040955346142,0.956468461383721,1.0029219537764962,0.9997169321611309
504,0.8499452873746884,2.239597726884889,0.9997539333139019,0.33423965377647447,1.000447123467513,0.7775881041320458
505,0.9614549961835281,2.987286552042179,1.0012098338342936,0.9672478832073501,1.0012278803630419,0.9688095465244861
506,0.9625128057688497,2.6684392664310597,1.0012077696092387,0.9670645085149606,1.001225405260072,0.9685997062512235
507,0.7936306743498787,2.9264323247570223,1.0031882318951342,0.999865370415405,1.006382498615807,0.9999999816604673
508,0.8305512014774236,1.6381936989434889,0.9990391668525039,0.06346929147567691,0.9990682886589932,0.06849710408514899
509,0.8012203007490782,1.9342940201358447,0.9991078236580843,0.07591366535138502,0.9992050095508154,0.09736437774673458
510,0.924734621259082,2.7605697474113087,1.0014141548477185,0.9812353294601428,1.00148332823431,0.9844839363729145
511,0.7789174451938072,2.695502726299464,1.0007811783676006,0.8990256951054052,1.0023559398691073,0.9986263005182215
512,0.848624498108337,1.3564307953995958,0.9990183689596672,0.060091347152043346,0.9990267420891339,0.0614305760089569
513,0.8047126136482212,2.521269148401944,1.0002122296108997,0.6443236242469227,1.0013180377520456,0.9755906238275437
514,0.7613391246639504,1.8155268450873339,0.9990514600352737,0.06554832125866275,0.9990928162420525,0.07301534450071523
515,0.9131049847225736,1.1725305173787512,0.9990181569788962,0.06005779926646286,0.9990263113898541,0.06136101334039707
516,0.8528764370262532,2.7226103502505947,1.0062708955886088,0.9999999749823176,1.0086235379106283,0.9999999999638154
517,0.9493800604746042,1.7385600249168607,1.0012546530379238,0.9709942520140585,1.0012865932761414,0.9734067784802796
518,0.8989365428501952,2.7239583627364374,1.001869982944857,0.9946806084862888,1.0020919873060552,0.9971325083592448
519,0.9325143492846045,2.229614719549356,1.0013470360096877,0.9774489138566789,1.0013999924545751,0.9804921455989539
520,0.8681333514822874,2.3790815502742277,1.004510041621429,0.9999966270694073,1.006108119170482,0.9999999606477497
521,0.8594385281794816,1.3420877342515716,0.999018679991724,0.06014060254425938,0.999027363439057,0.06153106066113054
522,0.8247662204850964,2.5394335376293724,1.0006737937425882,0.8682973125267152,1.0021352351926864,0.9974580654670483
523,0.8964125775445958,1.778220504693776,0.9992526266655906,0.1097372550738208,0.9994851942317071,0.19126253806959967
524,0.8777933886523246,1.689339849044761,0.9990797274073296,0.07057109669046037,0.9991490875844843,0.08443425337706721
525,0.9217767436755344,2.825743581755816,1.0014472316215859,0.9828645027453848,1.0015252523030878,0.9861763296208086
526,0.9740874801735887,2.94449469740626,1.001188010204913,0.9652582725820517,1.0012005011845941,0.9664108918648875
527,0.9320678462813711,2.0660178549113524,1.001355638869861,0.9779731122403438,1.0014116855448498,0.9811077804841839
528,0.9537496384780202,2.864524243214442,1.0012306584548984,0.9690434572254711,1.001253860062993,0.970931730785864
529,0.974608018369099,2.4717322490518856,1.0011875563877273,0.9652156857989448,1.0012000492248812,0.9663698380867687
530,0.8538729846540624,1.2687876114587275,0.9990160009164839,0.05971757707534694,0.9990220075381606,0.060669925310459054
531,0.9210316728636524,2.9690295835976626,1.0014550718125141,0.9832298074944769,1.0015350078142524,0.9865432523325908
532,0.9497902192055427,2.4296610627822393,1.0012453056436676,0.9702488991922382,1.0012723767821083,0.9723580724809858
533,0.8059963758250585,2.4866767578853306,1.0000794725421176,0.5554001735469449,1.001072049036398,0.9525799744247267
534,0.7826957795895739,2.8863180379092883,1.0023734203779682,0.9986916811885356,1.0050857199209196,0.9999993218710633
535,0.812244881167554,1.3149212375212798,0.9990152429903681,0.05959840707033234,0.9990204932544271,0.06042850568289858
536,0.7643077860740974,2.1591092119406445,0.9992130012367259,0.0993503265665446,0.9994132075548565,0.16198923139844182
537,0.9721716163004072,1.2967783791774226,1.001210470562789,0.9673042473529418,1.0012379881032445,0.9696524758658049
538,0.7574896380023963,2.587022382888731,1.000047752798566,0.5333764533331441,1.001015511045095,0.9449030586574865
539,0.7503451276725159,1.5534832701912136,0.9990207569839763,0.060470486913897344,0.9990315166018565,0.06220666172376658
540,0.8535866128715072,2.127173557230087,0.9994691904519405,0.1844233714423165,0.9999098541335845,0.43722799290265707
541,0.9217577470808325,2.4124621327136513,1.001453756282261,0.9831690509766672,1.0015347345689931,0.9865331070941701
542,0.9630932541891123,1.5765891114005097,1.0012107881397156,0.9673323246772242,1.0012320610277128,0.969160905296897
543,0.7910183171169687,2.9718780160525307,1.0036602773036645,0.9999639318906876,1.00712718087531,0.999999997688403
544,0.8579458203802859,2.0043391531628365,0.9992771467495075,0.11663171341275273,0.9995383418936217,0.21535540347303006
545,0.8981426416053833,2.8531198265000794,1.0018844416895825,0.9948901963615644,1.0021116708030193,0.9972855403207386
546,0.7816322057433959,2.5465463563018154,1.0000833276100993,0.5580637563310098,1.0010814568387651,0.9537545362007777
547,0.9470112795098866,2.7946180610787597,1.0012557043076176,0.9710769370429667,1.001285009925751,0.9732919226905327
548,0.8901841476048309,2.444471308406771,1.0022064646438076,0.997915823535407,1.0025839933657257,0.9992729948054235
549,0.7739411716578501,1.6097350477787717,0.9990263322895883,0.06136438717767685,0.999042657612479,0.0640533222032821
550,0.923345074985725,2.009271405004128,1.0014594222652418,0.9834291971463514,1.001544971149029,0.9869080707828078
551,0.8618429062499045,1.7403160668683715,0.999080922035998,0.07079101330733656,0.9991514955740193,0.08495738136133892
552,0.9451020671471401,1.2580644619565566,0.9990410728083142,0.06378755470416894,0.9990719816388667,0.0691604429483545
553,0.7583827675612637,2.7665504003914663,1.0009367988119326,0.9322520370104871,1.0026350264410364,0.999369502308471
554,0.9436068875168826,2.0578423538773816,1.0012752928509585,0.972576408529277,1.0013106064799127,0.9750908509095727
555,0.8546986373918847,1.4867953981617552,0.999026908820848,0.06145752478799794,0.9990438087284076,0.06424700740851763
556,0.8938070771972412,2.9326653410577723,1.0020041257057393,0.9963374863842086,1.0022823719295328,0.9983134117581283
557,0.90537834559743,1.500430155602934,0.9990513312638742,0.06552621883273684,0.9990925174722487,0.07295869183122033
558,0.9533440653635344,2.0168645793479945,1.0012339724819843,0.9693202712182604,1.0012589493817186,0.9713307298312173
559,0.8120738190507482,1.490311994160006,0.9990217648955971,0.060631180641966494,0.9990335307382442,0.06253679157065532
560,0.8695759323505677,2.425965456298995,1.0041562152621986,0.9999909549671228,1.0054935872842703,0.9999997822563574
561,0.9518201828609424,1.7194888360154736,1.001244397474086,0.970175500277576,1.0012737331510229,0.9724598378351081
562,0.8658781201345468,1.2257314492767803,0.9990156701005597,0.05966553491987514,0.999021345476822,0.060564263265515776
563,0.7703497715107221,1.4659350365637305,0.9990179128421978,0.0600191841278149,0.9990258314787104,0.061283589103485435
564,0.8670490316145341,1.3617191006892106,0.9990203006179538,0.060397858482177325,0.9990306026114534,0.06205738994749942
565,0.8220032752039089,2.1978883290230455,0.9994019534756018,0.15775454261499713,0.9997831255638078,0.3526720902953212
566,0.8995924396886431,1.8070910925955195,0.9994589144599904,0.18013257498016377,0.9998547577180003,0.39970176083210945
567,0.9548727773687372,1.3006888708854085,0.9992427469750459,0.10706174793086133,0.999437828425875,0.1715725543838554
568,0.7570196494535426,1.975212527284087,0.9990954633683845,0.07351906410596419,0.9991804428675352,0.09147964297924044
569,0.930746993194406,2.5776666052817756,1.0013576498583734,0.9780939192287519,1.0014123943851356,0.9811444815991845
570,0.8622702434102161,1.6655436980257345,0.9990577723742824,0.06664030709641706,0.9991053981211505,0.07543818260016161
571,0.9027933851752284,1.8371303942351818,1.0003956052566871,0.7516581991243874,1.0011042067813587,0.9564814146433249
572,0.7844402193814682,1.669647135444251,0.9990336232699133,0.06255199730653117,0.999057220634374,0.06654419081470539
573,0.9304507038729897,2.2217737165712097,1.0013652120887218,0.9785424351204339,1.0014229470026366,0.9816826538329932
574,0.9607492581714333,1.8459655628371097,1.0012131407052112,0.9675395929489906,1.001233266250904,0.9692614829261778
575,0.8071277977840109,2.495350926005948,1.0001282351915937,0.5888069397571587,1.0011623083803671,0.9627654807420217
576,0.9334738748711813,2.0086962145679914,1.001345890263259,0.9773781863809807,1.0013997475114493,0.9804790413448631
577,0.8094648394891067,2.2732451716304354,0.9994838622336445,0.19068600731989002,0.9999423039657573,0.45969922546811653
578,0.8175769370680894,2.4257032887352845,0.9999702152996043,0.4791624754139163,1.0008660115140704,0.9186229810865065
579,0.8383327896713343,2.1928413783963983,0.9994834957477228,0.19052761374514726,0.9999399606325511,0.45806988959915396
580,0.7723963656173661,2.688709962452563,1.0006559699855797,0.8624884456988559,1.0021316446634394,0.997432502039577
581,0.79736918084306,1.2037840352722506,0.9990131757021382,0.059274494800386046,0.9990163597034102,0.059774067508232324
582,0.960806262354944,1.7941796030752046,1.0012132784240635,0.9675516869321981,1.0012336655050613,0.9692947311504262
583,0.8075800878003064,2.1152373956579478,0.9992463719488709,0.10803669265759916,0.9994789214679869,0.18855908728450532
584,0.9523501860073599,2.0331299746361524,1.001237339841145,0.9695990833149927,1.0012631271847714,0.9716542881721646
585,0.8050772997742709,1.7618414231700936,0.99905372940376,0.06593897624071124,0.999097342726348,0.07387862481690811
586,0.9758720617504537,1.8246225557530553,1.0011860667210533,0.965075539464571,1.001198796987239,0.9662558377931527
587,0.9478583992695584,2.9498863489286666,1.0012518646519932,0.9707738256941059,1.001280158059243,0.9729369564229392
588,0.880984499303166,1.6769616589179246,0.9990791353919014,0.07046234784465534,0.9991479008805053,0.08417752231806787
589,0.9668009857955859,1.59639193284646,1.001201385950169,0.9664911195286439,1.001219674987456,0.9681086344793035
590,0.8861762664830317,2.505243689919538,1.0023607770177747,0.9986447123233475,1.0028175015928673,0.999621119839385
591,0.9438558386225107,1.891549351873237,1.0012773674845719,0.9727307217974034,1.0013140806636407,0.9753257286964969
592,0.9637394046154861,2.8227725307235425,1.0012050588499577,0.9668221918130107,1.0012219587361673,0.9683052309663088
593,0.9557698151013055,2.65972075542215,1.0012247866958275,0.9685470510544951,1.0012466499775756,0.9703572277561443
594,0.8662526761787314,1.894854703067438,0.9991862397508412,0.0928387341651168,0.9993598766109195,0.14271516989990587
595,0.8645157747192819,1.7186338010275877,0.9990756406835426,0.06982354441229784,0.9991409837938265,0.08269513964490131
596,0.9560018529864474,2.033566467123769,1.0012254061933101,0.9685997856285053,1.0012481503932547,0.9704776819089022
597,0.7530248800136684,1.5158294352798356,0.9990190989456208,0.06020700827296394,0.9990282025500867,0.061667005295355515
598,0.9402654153199392,2.416388151549784,1.0012907963576787,0.9737093423636116,1.0013290561449644,0.9763136843149224
599,0.9536582652515191,2.044407350939284,1.0012327806888757,0.9692210003438467,1.0012573781448928,0.9712081166864611
600,0.8781994851786886,2.1365797431878994,1.000926485698225,0.9304070539668982,1.002078068048104,0.99701912533577
601,0.9668772903924967,1.8503932847115798,1.0011998569282237,0.9663523561237035,1.001216374549112,0.9678224305435716
602,0.8265417280511076,2.2421529266700193,0.9995107416452454,0.20257806474084966,0.9999935221348796,0.4954656040422731
603,0.8264367955426019,2.3123740235247223,0.9996851892994771,0.2928445196822057,1.0003274041078307,0.7143450436441701
604,0.8204712399970657,1.8346335552617992,0.9990816814308265,0.07093113749163284,0.9991530272079745,0.08529165142019432
605,0.808764992944734,2.8439103669299413,1.002866593259813,0.9996696339205623,1.0058176004997266,0.9999999116608269
606,0.963238711299048,2.0043728963967804,1.0012069694249248,0.9669931579193166,1.0012250071822373,0.968565829725044
607,0.9735091400604036,1.394527911944506,1.001193666814606,0.9657848940093935,1.0012119866512954,0.9674380765988168
608,0.8223546922252778,2.193161034890326,0.9993954770317757,0.1553586027384491,0.9997705209020641,0.34465560699937364
609,0.9433421607337521,2.0444105260816006,1.0012768900686808,0.9726952860990224,1.0013126626308724,0.9752301222756824
610,0.7667170469542565,2.0002964869580597,0.9991123008669306,0.07679856893382778,0.999213902435506,0.09957652258194331
611,0.8469941535684088,1.3040875098286921,0.9990165384937421,0.059802236432673815,0.9990230826354596,0.06084187332693717
612,0.7882814570307302,1.5973863292437644,0.9990268964669724,0.06145552765737297,0.999043784770609,0.06424297075163758
613,0.769348749970015,1.4566380620182477,0.9990175289398724,0.059958509228203526,0.99902506402658,0.06115996544911176
614,0.9116055077016291,2.5194446045225534,1.0016028630504974,0.9888425043324276,1.001728385563686,0.9921183266664246
615,0.8417284324377766,2.4134662864962584,1.0004031626129035,0.7555855794576986,1.0016236868743427,0.9894668239429231
616,0.9663492934281696,2.934512317144592,1.0011999510101262,0.9663609103395386,1.0012155299104164,0.9677487877685703
617,0.8191004250212642,1.611603467019567,0.9990329814432876,0.06244659686411516,0.9990559390396577,0.06632142606533177
618,0.8057158168480756,1.9527355429873636,0.9991208345763413,0.07851144653746335,0.9992308450128564,0.10391494312253832
619,0.7771476159055744,1.8598887224785716,0.9990670971011258,0.0682843348135906,0.9991239863749285,0.07915285950764445
620,0.9340883516091275,2.449334795148774,1.0013317479235628,0.9764871248340578,1.0013801638327124,0.9794029318456152
621,0.7617496915501338,2.249509186491813,0.9993017131079397,0.12391293839043428,0.9995876585875699,0.23961451889522417
622,0.8043955444401317,1.448338654590443,0.9990190609627135,0.06020098501632674,0.9990281263099191,0.06165464202656136
623,0.9774074817194879,2.984757498806829,1.0011839787190164,0.9648781856865138,1.0011953900894184,0.9659437917593867
624,0.8896100874489963,1.6024031814069402,0.9990632306963904,0.0675981440856542,0.9991162417206042,0.07758527581969699
625,0.9473544971504017,1.951921906350516,1.00125827316857,0.9712780230771183,1.0012897036393924,0.9736310055685783
626,0.8134232889033058,2.3985060297789045,0.9998315599812599,0.3842206326306499,1.0006065815061234,0.8452620043745388
627,0.9101731288975765,2.824147972264304,1.0016197406997842,0.9893512292026072,1.0017495075396892,0.9925668232588951
628,0.8420968818563814,1.6647074474702481,0.9990475020296157,0.06487212394420905,0.9990849216203415,0.07153190166956466
629,0.9493754087979901,1.3686211327716775,0.9998677441219794,0.40845863886701145,1.0002280971825581,0.6544367579216162
630,0.8019937542488814,2.6279586727558817,1.0007330750317576,0.8861352345656878,1.0022635831030573,0.9982226807050355
631,0.8140317667194071,2.276340331578964,0.9995125920492309,0.20341672569577715,0.9999977092436951,0.4983964742475195
632,0.8506211779970388,1.9282407339958159,0.9991699396229515,0.08906264022112464,0.9993279993736441,0.1321324530159205
633,0.894438012473126,2.5630116589068583,1.002017635418747,0.9964726950632106,1.0023043267304557,0.998413587383058
634,0.8724380398643121,1.3901838086063787,0.9990225897007696,0.06076297826717668,0.9990351774112809,0.06280790544678264
635,0.9767185796227948,2.827782821632705,1.0011848216148898,0.9649579835836455,1.0011964864340552,0.9660445113273435
636,0.9042610120585718,1.9781850712483824,1.0020083946589478,0.9963807602573825,1.00229555257464,0.998374285927379
637,0.8271993898594029,1.2665681580453443,0.9990148043049436,0.05952953358365736,0.9990196157787994,0.060289022736538016
638,0.8991725571782433,2.4772620229172366,1.0018871280637642,0.9949282216947938,1.0021179595107603,0.9973326939860104
639,0.926430268833763,2.783632677116262,1.0013962978625794,0.9802935687821159,1.0014607018792752,0.9834873993042159
640,0.9407466341443247,2.4075370091292556,1.001288067204683,0.9735132648096367,1.001325667925295,0.9760935937348202
641,0.9788052986853055,1.6614930128173169,1.001182455763333,0.9647335613846253,1.0011946462052663,0.9658752880900747
642,0.8640396722102194,2.0285227721827126,0.9993616686801927,0.14333058008990188,0.9997014312857173,0.3023531708171916
643,0.9376641493893522,1.3058667103613482,0.9990422675105755,0.06398780762850961,0.9990743870720711,0.06959570240590805
644,0.9138686785710375,1.8917387163030233,1.0017195748654752,0.991923398040782,1.0018939374104578,0.9950233502582513
645,0.8750981625114409,1.3957944728682938,0.9990233724491485,0.06088830320704267,0.9990367415023741,0.0630664374507953
646,0.8224081077581141,2.2045198829569723,0.9994152325361022,0.16276084824968232,0.9998089211505168,0.3693347266203347
647,0.8082617590983059,2.7370115519901392,1.0017058978829128,0.9916112912096908,1.0039385853059715,0.9999834047636768
648,0.8647006960098588,2.5192409339367674,1.0045888606113993,0.9999972923287246,1.0061636870922837,0.9999999662860449
649,0.9681671643319003,1.8004695687112282,1.0011975685125092,0.9661436383240428,1.001213618345174,0.9675815189598279
650,0.9057055655680747,1.5465924938975681,0.9990674516040867,0.06834757220244778,0.9991245763689603,0.07927345817131654
651,0.7544948497252869,1.5893841662314954,0.9990231246012448,0.06084859444592411,0.999036248270577,0.06298480317727867
652,0.8822415050787471,2.0313743237024444,0.9999600663606831,0.4720749835948604,1.00071765240088,0.8817081294217353
653,0.9741093866373954,1.994511419512497,1.001188388332709,0.965293718170272,1.0012014559080005,0.9664974551769782
654,0.9797593180648927,1.4024588780243985,1.001182641411807,0.9647512217769698,1.001196886037505,0.9660811507650027
655,0.8875705108976105,2.0942972202813013,1.003128609591532,0.999840997543982,1.0039534170186353,0.9999840772199522
656,0.8357272992214275,1.4057895296901433,0.9990194224147507,0.060258326237874124,0.9990288483249116,0.0617718184192435
657,0.9534180860239937,2.535032650914299,1.0012322371895936,0.9691756261275063,1.001256008783054,0.9711008420545003
658,0.9577218068810516,2.4521195505646687,1.001219617351149,0.9681036576265311,1.0012403319255765,0.9698447619478456
659,0.9041155691280824,2.5972242624498243,1.0017503528996397,0.9925842360833605,1.0019266017617567,0.9954555559815216
660,0.8664363926784473,1.4725720122810406,0.9990279127211004,0.061620018332100866,0.9990458137828745,0.06458567761354005
661,0.7931319991773751,2.755569629928253,1.001451101775796,0.9830457954284758,1.0035263147879514,0.9999475875177368
662,0.8955097951192915,2.500691701856862,1.0019938367612187,0.9962310575795478,1.0022703606890182,0.9982559583026591
663,0.7595386516875969,2.9751758466458216,1.0026927047182783,0.9994632495962936,1.0056196855395083,0.9999998467310169
664,0.8240661191803773,1.5027075061248663,0.9990237680539233,0.060951734913860654,0.9990375337990371,0.0631977761518838
665,0.962251521449275,2.0793025776633067,1.0012090357072136,0.9671770991752149,1.0012274759296618,0.9687753515275367
666,0.9565953310405959,2.7378264305882323,1.0012223199411625,0.9683362176979633,1.0012435382499016,0.9701058955405729
667,0.9508303172437956,2.0557001625716285,1.0012427903241143,0.970045178758495,1.0012698950840038,0.9721709292614741
668,0.8495137915820195,1.9030851265064814,0.9991487369492983,0.08435832324220055,0.9992860867730018,0.11923747802815027
669,0.86197251228351,2.43299410564097,1.0036545907764884,0.9999633551553794,1.00561672199025,0.9999998454610738
670,0.9272654783137604,2.9393690668590744,1.0013870492503218,0.9797877462522955,1.0014488196985676,0.9829391236798751
671,0.7524122376191058,2.3786179815525847,0.999469804423305,0.18468222433637677,0.9999153895455904,0.4410456810358976
672,0.8222734938025048,1.6591947708788577,0.9990401336479591,0.063630545037542,0.9990702184950655,0.06884300599862306
673,0.9755867442941827,2.028989491777833,1.001186486050288,0.9651150444991728,1.0011989836817816,0.9662728575892887
674,0.969213534335871,1.4298738796406918,1.0012016443722196,0.9665145174607246,1.0012220875424422,0.9683162842487391
675,0.8701705611632907,1.9777133199064538,0.9993235197292603,0.13069976668903377,0.9996268718390469,0.2601952838146672
676,0.8670487898225954,2.580498940305724,1.0038912333411216,0.9999810617855702,1.005205268019882,0.9999995139475623
677,0.8732604627288029,1.6356129829245936,0.9990575858275795,0.06660779517165714,0.9991050204533395,0.07536439408053892
678,0.7733891673669041,1.9539203440975919,0.9990966137738169,0.07373896923689932,0.9991827307413006,0.09201389020043378
679,0.8455841888484035,1.3309958708506409,0.9990172596556844,0.059915983726075144,0.9990245245025252,0.06107319672143963
680,0.8551136567517978,2.5967191408595927,1.0060383484236122,0.9999999522140363,1.0083734011417285,0.9999999999275343
681,0.7748888882784282,1.2762585592662214,0.9990135895674465,0.05933920884742795,0.9990171875997221,0.059904609398216416
682,0.8644361531316435,1.872223144601362,0.9991602011953031,0.08687324730795783,0.999308603231578,0.12602400537679434
683,0.8931158345624883,1.2172897446364532,0.9990173637969635,0.059932426423853706,0.9990247294503334,0.06110614380699359
684,0.890585274397434,1.7001705016019093,0.9991116685570434,0.07667302441690359,0.9992123170329753,0.09917890039044665
685,0.8590804932355609,1.1818759840379518,0.9990145813492467,0.05949455817192281,0.9990191688088094,0.06021808851576677
686,0.8290165175906867,1.9891537425742278,0.9991743673174324,0.09007443840452024,0.999336864766107,0.135007024592261
687,0.7893954814639371,2.0261792441419617,0.9991460173562514,0.08377149604658317,0.9992807866445815,0.1176866254502883
688,0.8016502973424453,2.712352175534623,1.0013096555954981,0.975026185826083,1.003275362045085,0.9998944296309543
689,0.7662183916488778,1.2610311259839935,0.9990132430803346,0.059285025885139356,0.9990164948130906,0.05979535327520903
690,0.8320414454164163,2.497461975776832,1.0006162479901957,0.8487669885020569,1.0020195010686388,0.9964909717396149
691,0.768873234448074,2.3188368460107465,0.9994171223977243,0.16348364514852678,0.9998130558687348,0.37203593346523917
692,0.8763226767940252,2.0659957623679,0.9997931239702686,0.3590907317944192,1.000472461559507,0.7896106239121022
693,0.7881254173298877,1.2496181700679658,0.9990135090939075,0.05932662042282154,0.9990170265268195,0.05987919069029982
694,0.8445663418629432,1.466558249938548,0.9990237692876364,0.06095193282533881,0.9990375359024471,0.06319812517243033
695,0.8300204648165533,2.4236720739950726,1.0001463658781005,0.601038595454052,1.0011848917298969,0.9649646135700578
696,0.8218929075648478,2.5729459983538097,1.000818361732893,0.9080851678848421,1.0023934859017685,0.9987629068360486
697,0.7849538532303996,2.344567640419201,0.9995203188797948,0.20694666538888978,1.0000130908413805,0.5091625031732631
698,0.8302776910443107,2.8466176349716,1.0050933897391419,0.9999993362067618,1.0086285027942234,0.9999999999643108
699,0.7675550724099985,1.807207765933639,0.9990514797672165,0.06555170867730875,0.9990928557097434,0.07302283138463347
